-- phpMyAdmin SQL Dump
-- version 5.0.2
-- https://www.phpmyadmin.net/
--
-- Хост: 127.0.0.1:3306
-- Время создания: Фев 08 2021 г., 01:25
-- Версия сервера: 10.3.22-MariaDB
-- Версия PHP: 7.4.5

SET SQL_MODE = "NO_AUTO_VALUE_ON_ZERO";
START TRANSACTION;
SET time_zone = "+00:00";


/*!40101 SET @OLD_CHARACTER_SET_CLIENT=@@CHARACTER_SET_CLIENT */;
/*!40101 SET @OLD_CHARACTER_SET_RESULTS=@@CHARACTER_SET_RESULTS */;
/*!40101 SET @OLD_COLLATION_CONNECTION=@@COLLATION_CONNECTION */;
/*!40101 SET NAMES utf8mb4 */;

--
-- База данных: `mvc_db`
--

-- --------------------------------------------------------

--
-- Структура таблицы `comments`
--

CREATE TABLE `comments` (
  `id` int(11) NOT NULL,
  `author_id` int(11) NOT NULL,
  `post_id` int(11) NOT NULL,
  `comment` text COLLATE utf8mb4_unicode_ci NOT NULL,
  `date_of_post` datetime NOT NULL,
  `likes` int(11) NOT NULL DEFAULT 0,
  `dislikes` int(11) NOT NULL DEFAULT 0,
  `parent_comment_id` int(11) DEFAULT NULL,
  `record_type` varchar(255) COLLATE utf8mb4_unicode_ci NOT NULL
) ENGINE=InnoDB DEFAULT CHARSET=utf8mb4 COLLATE=utf8mb4_unicode_ci;

--
-- Дамп данных таблицы `comments`
--

INSERT INTO `comments` (`id`, `author_id`, `post_id`, `comment`, `date_of_post`, `likes`, `dislikes`, `parent_comment_id`, `record_type`) VALUES
(510, 59, 183, 'asdsandlas', '2020-12-14 08:27:36', 1, 0, 510, 'comment'),
(511, 59, 183, 'msa', '2020-12-14 08:27:52', 1, 0, 510, 'answer'),
(512, 59, 183, 'js', '2020-12-14 08:28:04', 0, 0, 510, 'answer'),
(514, 59, 183, 'asdasd', '2020-12-14 09:06:50', 1, 0, 514, 'comment'),
(515, 59, 183, 'shit', '2020-12-14 09:06:56', 0, 0, 514, 'answer'),
(516, 59, 183, 'bitch', '2020-12-14 09:07:04', 0, 0, 514, 'answer'),
(517, 59, 183, 'asldkasdl;kas;lkd', '2020-12-14 09:59:11', 1, 0, 517, 'comment'),
(518, 59, 183, 'sssssssssssssssss', '2020-12-14 09:59:14', 0, 0, 517, 'answer'),
(519, 59, 183, 'sadasdas', '2020-12-14 09:59:16', 0, 0, 517, 'answer'),
(520, 59, 183, 'asdl;kasl;kd;lska;ldk;as;lksa', '2020-12-14 09:59:22', 0, 0, 517, 'answer'),
(521, 59, 183, 'aslklkd;lkasl;kdlkasd', '2020-12-14 09:59:24', 0, 0, 517, 'answer'),
(522, 59, 183, 'as;ldkl;askldkl;askd;lkasd', '2020-12-14 09:59:27', 0, 0, 517, 'answer'),
(523, 59, 183, 'kjkdljflksjdlkf', '2020-12-14 10:06:41', 0, 0, 517, 'answer'),
(524, 59, 183, 'sdkfjsdjfkjsdf', '2020-12-14 10:06:42', 0, 0, 517, 'answer'),
(525, 59, 183, 'sdmfsldjfksdf', '2020-12-14 10:06:44', 0, 0, 517, 'answer'),
(526, 59, 183, 'lkjlkjlkjlk', '2020-12-14 10:09:33', 0, 0, 514, 'answer'),
(527, 59, 183, 'sdfsdfsdfsdf', '2020-12-14 10:09:36', 0, 0, 514, 'answer'),
(528, 59, 183, 'sdfsdfsdfsdf', '2020-12-14 10:09:38', 0, 0, 514, 'answer'),
(529, 59, 183, 'asdasdasd', '2020-12-14 10:10:26', 0, 0, 517, 'answer'),
(530, 59, 183, 'asdasdas', '2020-12-14 10:10:28', 0, 0, 517, 'answer'),
(531, 59, 183, 'asdasdsa', '2020-12-14 10:10:30', 0, 0, 517, 'answer'),
(532, 59, 183, 'askjdhjahsjkdhas', '2020-12-14 10:10:59', 0, 0, 514, 'answer'),
(533, 59, 183, 'oi', '2020-12-14 10:11:03', 0, 0, 514, 'answer'),
(534, 59, 183, 'da blin', '2020-12-14 10:11:08', 0, 0, 514, 'answer'),
(535, 59, 183, 'hihi', '2020-12-14 10:11:13', 1, 0, 514, 'answer'),
(536, 59, 126, 'крута класна блин', '2020-12-15 10:27:54', 0, 0, 536, 'comment'),
(537, 59, 126, 'флыолвофылвждфылжвдлфылв', '2020-12-15 10:27:58', 1, 0, 536, 'answer'),
(538, 59, 126, 'sadjlkaslkdas', '2020-12-16 12:01:57', 0, 0, 536, 'answer'),
(539, 59, 126, 'aslm,d;as;ldl;askd;lksa', '2020-12-16 12:23:21', 0, 0, 536, 'answer'),
(540, 59, 183, 'lk;laksl;dkl;askldkasd', '2020-12-16 12:27:35', 0, 1, 514, 'answer'),
(541, 59, 183, 'sadl;sakl;kdl;sakkd', '2020-12-16 12:27:56', 0, 0, 517, 'answer'),
(542, 59, 183, 'lkask;dksakd;lkas;dlk', '2020-12-16 12:28:03', 0, 0, 517, 'answer'),
(543, 59, 183, '11111', '2020-12-16 12:28:11', 1, 0, 510, 'answer'),
(544, 59, 183, 'рун', '2020-12-16 12:30:20', 1, 0, 514, 'answer'),
(545, 59, 183, 'сам такий', '2020-12-16 12:33:57', 0, 0, 510, 'answer'),
(546, 59, 183, 'ылфлодлвоыфл', '2020-12-16 12:34:01', 1, 0, 510, 'answer'),
(547, 59, 183, 'lkasm;dkas;kdl;as', '2020-12-16 07:55:16', 1, 0, 547, 'comment'),
(548, 59, 183, 'kasmdka;slkd;lkasl;d', '2020-12-16 07:55:20', 0, 0, 548, 'comment'),
(549, 59, 183, 'asldl;asl;d', '2020-12-16 07:56:17', 0, 0, 549, 'comment'),
(550, 59, 183, 'askd;lasl;\'dl', '2020-12-16 07:56:18', 0, 0, 550, 'comment'),
(551, 59, 183, 'aksmd;las;\'d', '2020-12-16 07:56:20', 0, 0, 551, 'comment'),
(552, 59, 183, 'laksjdkas;ld', '2020-12-16 07:56:21', 0, 0, 552, 'comment'),
(553, 59, 183, 'aksmdl;kasl;kd', '2020-12-16 07:56:23', 0, 0, 553, 'comment'),
(554, 59, 183, ',kasmjkdkas;lkd;l', '2020-12-16 07:56:24', 0, 0, 554, 'comment'),
(555, 59, 183, ',sm', '2020-12-16 07:56:26', 0, 0, 555, 'comment'),
(556, 59, 183, 'sdk;alskdlksa', '2020-12-16 07:56:28', 0, 1, 556, 'comment'),
(557, 59, 183, 'alks;ldk;aslkd', '2020-12-16 07:56:30', 0, 0, 557, 'comment'),
(558, 59, 183, 's.a,md;ks;akd;ksal;kdl;kasl;dk', '2020-12-16 07:56:33', 0, 0, 558, 'comment'),
(559, 59, 183, 'dl,,,,,,,,', '2020-12-16 07:56:36', 0, 0, 559, 'comment'),
(560, 59, 183, 'lwwwwwwwwwwwwww', '2020-12-16 07:56:39', 0, 0, 560, 'comment'),
(561, 59, 183, ';wle', '2020-12-16 07:56:40', 2, 0, 561, 'comment'),
(562, 59, 183, 'efffef', '2020-12-16 07:56:43', 1, 0, 562, 'comment'),
(563, 59, 183, 'jsajjdskajhdkjsahdkjhsakjdhsjkahdkjsahdkjhsakjdhkasjd', '2020-12-16 09:04:20', 0, 1, 517, 'answer'),
(564, 59, 183, 'дллодлодлодлодл', '2020-12-16 10:07:27', 0, 0, 510, 'answer'),
(565, 59, 183, 'хэй гей', '2020-12-16 10:08:16', 0, 0, 517, 'answer'),
(566, 59, 183, 'лайк', '2020-12-16 10:09:23', 1, 0, 517, 'answer'),
(567, 59, 183, 'я бы блтн ', '2020-12-16 10:42:21', 0, 0, 553, 'answer'),
(568, 59, 183, 'лололадлывдлоа', '2020-12-16 10:43:02', 0, 0, 558, 'answer'),
(569, 59, 183, 'фьыовшдфыодлвыфловдлофывж', '2020-12-16 10:43:39', 0, 0, 561, 'answer'),
(570, 59, 183, 'бьтвдлфыолвофыждлфы', '2020-12-16 10:44:01', 0, 0, 561, 'answer'),
(571, 59, 183, 'фьбьбырвдолфоылдовдлфыовлждл', '2020-12-16 10:44:03', 0, 0, 561, 'answer'),
(572, 59, 183, 'фбыловодофылдовлофыв', '2020-12-16 10:44:05', 0, 0, 561, 'answer'),
(573, 59, 183, 'фывюлфыовофыдлов', '2020-12-16 10:46:02', 0, 0, 560, 'answer'),
(574, 59, 183, 'фыдлвжфылждвлджфылвджлфы', '2020-12-16 10:46:05', 0, 0, 560, 'answer'),
(575, 59, 183, 'орывоаролывралорывлоарывола', '2020-12-16 10:47:27', 0, 0, 559, 'answer'),
(576, 59, 183, 'фырвфыодлвоыфжловлофыжв', '2020-12-16 10:47:30', 0, 0, 559, 'answer'),
(577, 59, 183, 'лфыовдлоыфдловдлфыдлвофыдв', '2020-12-16 10:47:37', 0, 0, 559, 'answer'),
(578, 59, 183, 'фыджвлджфылдвлдыфлвждылфджв', '2020-12-16 10:47:40', 0, 0, 559, 'answer'),
(579, 59, 183, 'ждфлылвфыждлвджлфыждлвджфылв', '2020-12-16 10:47:43', 0, 0, 559, 'answer'),
(580, 59, 162, 'gthdsq [f', '2020-12-16 10:49:07', 1, 0, 580, 'comment'),
(581, 59, 162, 's,mdjkalsjd;kaslkjdlkjas', '2020-12-16 10:49:10', 0, 0, 580, 'answer'),
(582, 59, 183, 'блосолвфыослфыолв', '2020-12-17 12:32:42', 0, 1, 562, 'answer'),
(583, 59, 183, 'ьывтадтывьждаыв', '2020-12-17 01:14:38', 0, 0, 510, 'answer'),
(584, 59, 183, 'ывьаывьдабдывба', '2020-12-17 01:14:41', 0, 0, 510, 'answer'),
(585, 59, 183, 'ывььадлывдлаодлыва', '2020-12-17 01:14:43', 0, 0, 510, 'answer'),
(586, 59, 183, 'as.lda;skdl;kasl;d', '2020-12-17 07:30:44', 0, 0, 557, 'answer'),
(587, 59, 183, 'ssssssssssssssssss', '2020-12-18 12:08:54', 0, 0, 561, 'answer'),
(588, 59, 183, 'asdasdasd', '2020-12-18 12:09:11', 0, 0, 556, 'answer'),
(589, 59, 183, 'sfdwedewdf', '2020-12-18 12:15:57', 1, 0, 561, 'answer'),
(590, 59, 183, 'wkejlewjlkfr', '2020-12-18 12:16:02', 0, 0, 561, 'answer'),
(591, 59, 183, 'askdjaslkjaslkdjslka', '2020-12-18 12:19:03', 0, 0, 560, 'answer'),
(592, 59, 183, 'as,jdlaslkdjsjkljasd', '2020-12-18 12:19:07', 0, 0, 560, 'answer'),
(593, 59, 183, 'asmdjlsajlkdjlkasjdlksjalkd', '2020-12-18 12:19:11', 0, 0, 560, 'answer'),
(594, 59, 183, 'aaaaaaaaaaaaaaaaaaaaaaaaaaaaaaaaaaaaaaaaaaaaaa', '2020-12-18 12:19:25', 0, 0, 594, 'comment'),
(595, 59, 183, ';ldfks;kf;ldkadl;askd;lkas', '2020-12-18 12:23:33', 0, 0, 547, 'answer'),
(596, 59, 183, 'fsdfsdfsd', '2020-12-18 01:19:52', 0, 0, 561, 'answer'),
(597, 59, 183, 'sdfsdfsdfsdf', '2020-12-18 01:19:56', 0, 0, 561, 'answer'),
(598, 59, 183, 'ZxZxzxZx', '2020-12-18 01:20:55', 0, 0, 551, 'answer'),
(599, 59, 183, 'as', '2020-12-18 01:21:19', 0, 0, 594, 'answer'),
(600, 59, 183, 'sssssss', '2020-12-18 01:23:57', 0, 0, 594, 'answer'),
(601, 59, 183, 'sdfsdfsdfs', '2020-12-18 01:24:16', 0, 0, 594, 'answer'),
(602, 59, 183, 'sdfsdfsdf', '2020-12-18 01:24:24', 0, 0, 594, 'answer'),
(603, 59, 183, 'ddddddddddddddddddd', '2020-12-18 01:24:33', 0, 0, 554, 'answer'),
(604, 59, 183, 'sdfsdfsdfsdfds', '2020-12-18 01:24:42', 0, 0, 554, 'answer'),
(605, 59, 183, 'aaaaaaaaaaaaaaaaaaaaaaaaaaaaaaaaaaaaaaaaaaaaaa', '2020-12-18 01:25:06', 0, 0, 550, 'answer'),
(606, 59, 183, 'aaaaaaaaaaaaaaaaaaaaaa', '2020-12-18 01:30:59', 0, 0, 561, 'answer'),
(607, 59, 183, 'asssssssssssssssssssssss', '2020-12-18 01:31:05', 0, 0, 555, 'answer'),
(608, 59, 183, 'aaaaaaaaaaaaaaaaaaaaaaaaaaaaaaaaaaaaaaaaaaaaaaaaaaaaaaaaaaaaaaaaaaaaaaaaa', '2020-12-18 01:31:30', 0, 0, 550, 'answer'),
(609, 59, 183, 'asssssssssssssssssssssssssssssssssssssssssssssssssssssssssssssssssssadddddddddd', '2020-12-18 01:31:42', 0, 0, 550, 'answer'),
(610, 59, 183, 'еу', '2020-12-18 01:31:50', 0, 0, 550, 'answer'),
(611, 59, 183, 'aaaaaaaaaaaaaaaaaaaaaaaaaaaaaaaaaaaaaaasd', '2020-12-18 01:32:32', 0, 0, 594, 'answer'),
(612, 59, 183, 'asdas', '2020-12-18 01:32:41', 0, 0, 594, 'answer'),
(613, 59, 183, 'ye ,kby', '2020-12-18 01:33:01', 0, 0, 561, 'answer'),
(614, 59, 183, 'rjulf ;t ktnj', '2020-12-18 01:33:06', 0, 0, 561, 'answer'),
(615, 59, 183, 'ld t vft', '2020-12-18 01:33:11', 0, 0, 561, 'answer'),
(616, 59, 183, 'assssssssdas', '2020-12-18 01:33:34', 0, 0, 549, 'answer'),
(617, 59, 183, 'asdasdasdasdasdasd', '2020-12-18 01:33:39', 0, 0, 549, 'answer'),
(618, 59, 183, 'asssssssssssssssssssssssssssd', '2020-12-18 01:33:43', 0, 0, 549, 'answer'),
(619, 59, 183, 'ssssssssssssssssssssssssssss', '2020-12-18 08:37:23', 0, 0, 510, 'answer'),
(620, 59, 183, 'saaaaaaaaaaaaaaaaaaaaaa', '2020-12-18 10:36:10', 1, 0, 620, 'comment'),
(621, 59, 183, 'sadasdasdasd', '2020-12-18 10:36:13', 0, 0, 620, 'answer'),
(622, 59, 183, 'asdasdsad', '2020-12-18 10:37:44', 0, 0, 594, 'answer'),
(623, 59, 183, 'asdasd', '2020-12-18 10:37:51', 0, 0, 594, 'answer'),
(624, 59, 183, 'asdsadasd', '2020-12-18 10:38:07', 0, 0, 594, 'answer'),
(625, 59, 183, 'sdfsdfsdfsdf', '2020-12-18 10:39:08', 0, 0, 562, 'answer'),
(626, 59, 183, 'asdasdasdasdasdasd', '2020-12-18 11:14:10', 0, 0, 557, 'answer'),
(627, 59, 183, 'asdasdasdasdasdsa', '2020-12-18 11:19:46', 0, 0, 562, 'answer'),
(628, 59, 183, 'aaaaaaaaaaaaaaaaaaaaaaaaaassd', '2020-12-18 11:21:33', 0, 0, 562, 'answer'),
(629, 59, 183, 'asdasdas', '2020-12-18 11:21:42', 0, 0, 620, 'answer'),
(630, 59, 183, 'ssdf', '2020-12-18 11:22:38', 0, 0, 562, 'answer'),
(631, 59, 183, 'asdsadsaasd', '2020-12-18 11:23:03', 0, 0, 562, 'answer'),
(632, 59, 183, 'asdasd', '2020-12-18 11:26:00', 0, 0, 560, 'answer'),
(633, 59, 183, 'aswtj', '2020-12-18 11:28:29', 0, 0, 551, 'answer'),
(634, 59, 183, 'sdfsdfsdfsdf', '2020-12-18 11:32:34', 1, 0, 620, 'answer'),
(635, 59, 183, 'sadasd', '2020-12-18 11:34:05', 0, 0, 594, 'answer'),
(636, 59, 183, 'sdfsdfsdf', '2020-12-18 11:34:45', 0, 0, 594, 'answer'),
(637, 59, 183, 'asdasdasdasdasdsad', '2020-12-18 11:34:55', 0, 0, 594, 'answer'),
(638, 59, 183, 'aaaaasl;', '2020-12-18 11:37:27', 0, 0, 562, 'answer'),
(639, 59, 183, 'sdfsdfsdf', '2020-12-18 11:37:35', 0, 0, 562, 'answer'),
(640, 59, 183, 'asd', '2020-12-18 11:39:02', 0, 0, 551, 'answer'),
(641, 59, 183, 's', '2020-12-18 11:40:05', 0, 0, 562, 'answer'),
(642, 59, 183, 'фал', '2020-12-18 11:44:02', 0, 0, 560, 'answer'),
(643, 59, 183, 'as', '2020-12-18 11:44:49', 0, 0, 559, 'answer'),
(644, 59, 183, 'ass', '2020-12-18 11:45:06', 0, 0, 551, 'answer'),
(645, 59, 183, 'a', '2020-12-18 11:48:05', 0, 0, 620, 'answer'),
(646, 59, 183, 'фывыфв', '2020-12-18 11:49:29', 0, 0, 620, 'answer'),
(647, 59, 183, 'выаываыва', '2020-12-18 11:50:45', 0, 0, 562, 'answer'),
(648, 59, 183, 'asdasdasdasss', '2020-12-18 11:52:36', 0, 1, 620, 'answer'),
(649, 59, 183, 'asd', '2020-12-18 11:52:55', 0, 0, 554, 'answer'),
(650, 59, 183, 'asdasdasdasdasd', '2020-12-18 11:53:02', 0, 0, 554, 'answer'),
(651, 59, 183, 'asdasdasdsad', '2020-12-18 11:53:06', 0, 0, 554, 'answer'),
(652, 59, 183, 'aasdasdasdasd', '2020-12-18 11:53:20', 0, 0, 652, 'comment'),
(653, 59, 183, 'aaasdasd', '2020-12-19 12:07:48', 0, 0, 547, 'answer'),
(654, 59, 183, 'a', '2020-12-19 12:07:53', 0, 0, 547, 'answer'),
(655, 59, 183, '[\'a', '2020-12-19 12:29:00', 0, 0, 558, 'answer'),
(656, 59, 183, 'asdasdasdsa', '2020-12-19 12:30:46', 0, 0, 553, 'answer'),
(657, 59, 183, 'asdasdasd', '2020-12-19 01:27:21', 1, 0, 620, 'answer'),
(658, 59, 183, 'asdsad', '2020-12-19 01:41:10', 0, 0, 558, 'answer'),
(659, 59, 183, 'asdasd', '2020-12-19 01:42:12', 0, 0, 562, 'answer'),
(660, 59, 183, 'хэй carma police', '2020-12-19 12:00:14', 0, 0, 594, 'answer'),
(661, 59, 183, 'qweqweqwe', '2020-12-19 12:12:08', 0, 0, 594, 'answer'),
(662, 59, 183, 'qweqwelkjqwlkejkqwjekj', '2020-12-19 12:12:15', 0, 0, 594, 'answer'),
(663, 59, 183, 'фы', '2020-12-19 12:16:29', 0, 0, 559, 'answer'),
(664, 59, 183, 'тэкс', '2020-12-19 12:16:37', 0, 0, 664, 'comment'),
(665, 59, 183, 'фывфыфыыыыы', '2020-12-19 12:17:00', 1, 0, 665, 'comment'),
(666, 59, 183, 'ххфыв', '2020-12-19 01:29:04', 0, 0, 594, 'answer'),
(667, 59, 183, 'не', '2020-12-19 01:33:53', 0, 0, 620, 'answer'),
(668, 60, 183, 'ыфвфыв', '2020-12-19 06:08:47', 0, 0, 594, 'answer'),
(669, 60, 183, 'фыв', '2020-12-19 06:09:09', 0, 0, 669, 'comment'),
(670, 60, 162, 'флдыовдофылвдл', '2020-12-19 06:10:37', 0, 0, 580, 'answer'),
(671, 60, 183, 'asdasjdlkjaslkdj', '2020-12-19 08:00:08', 0, 0, 594, 'answer'),
(672, 60, 183, ';l', '2020-12-19 08:00:41', 0, 0, 594, 'answer'),
(673, 60, 183, 'ф', '2020-12-20 12:20:34', 0, 0, 594, 'answer'),
(674, 60, 183, 's', '2020-12-20 12:21:00', 0, 0, 594, 'answer'),
(675, 60, 183, 'asdasd', '2020-12-20 12:26:18', 0, 0, 562, 'answer'),
(676, 60, 183, 'aasd', '2020-12-20 12:34:11', 0, 0, 558, 'answer'),
(677, 60, 183, 'asdasd', '2020-12-20 12:44:01', 0, 0, 620, 'answer'),
(678, 60, 183, 'asdasdasd', '2020-12-20 12:44:34', 0, 0, 561, 'answer'),
(679, 60, 183, 'Первый пошел', '2020-12-20 01:32:19', 0, 0, 594, 'answer'),
(680, 60, 183, 'Второй блин', '2020-12-20 01:32:24', 0, 0, 594, 'answer'),
(681, 60, 183, 'Дада', '2020-12-20 01:32:28', 0, 0, 594, 'answer'),
(682, 60, 183, 'Третий', '2020-12-20 01:33:39', 0, 0, 594, 'answer'),
(683, 60, 183, 'жлолывоад', '2020-12-20 01:36:21', 0, 0, 594, 'answer'),
(684, 60, 183, 'Этот ответ', '2020-12-20 01:44:54', 0, 0, 559, 'answer'),
(685, 60, 183, 'asdsad', '2020-12-20 01:50:14', 0, 0, 556, 'answer'),
(686, 60, 183, 'asd', '2020-12-20 01:50:33', 0, 0, 556, 'answer'),
(687, 60, 183, 'фывфывфывфы', '2020-12-20 02:05:15', 0, 0, 664, 'answer'),
(688, 60, 183, 'фывыфвфыв', '2020-12-20 02:07:49', 0, 0, 669, 'answer'),
(689, 60, 183, 'a', '2020-12-20 02:09:05', 0, 0, 665, 'answer'),
(690, 60, 183, 'asasdfasd', '2020-12-20 02:09:14', 0, 0, 665, 'answer'),
(691, 60, 183, 'asdsadasd', '2020-12-20 02:12:47', 0, 0, 652, 'answer'),
(692, 60, 183, 'asdasdasdasd', '2020-12-20 02:12:52', 0, 0, 652, 'answer'),
(693, 60, 183, '1', '2020-12-20 02:12:56', 0, 0, 652, 'answer'),
(694, 60, 183, '1', '2020-12-20 02:13:07', 0, 0, 558, 'answer'),
(695, 60, 183, '2', '2020-12-20 02:14:41', 0, 0, 558, 'answer'),
(696, 60, 183, '1', '2020-12-20 02:14:55', 0, 0, 557, 'answer'),
(697, 60, 183, '2', '2020-12-20 02:14:58', 0, 0, 557, 'answer'),
(698, 60, 183, '3', '2020-12-20 02:15:11', 0, 0, 557, 'answer'),
(699, 60, 183, '1', '2020-12-20 02:15:19', 0, 0, 556, 'answer'),
(700, 60, 183, '2', '2020-12-20 02:15:27', 0, 0, 556, 'answer'),
(701, 60, 183, '4', '2020-12-20 02:32:21', 0, 0, 664, 'answer'),
(702, 60, 183, '67', '2020-12-20 02:33:17', 0, 0, 555, 'answer'),
(703, 60, 183, '1333', '2020-12-20 02:35:25', 0, 0, 555, 'answer'),
(704, 60, 183, 's', '2020-12-20 02:36:08', 0, 0, 555, 'answer'),
(705, 60, 183, '123213', '2020-12-20 02:39:56', 0, 0, 547, 'answer'),
(706, 60, 183, 'asdasdasd', '2020-12-20 02:41:42', 0, 0, 665, 'answer'),
(707, 60, 183, 'asd', '2020-12-20 02:43:29', 0, 0, 665, 'answer'),
(708, 60, 183, 'asdas', '2020-12-20 02:47:36', 0, 0, 665, 'answer'),
(709, 60, 183, 'asds', '2020-12-20 02:47:44', 0, 0, 665, 'answer'),
(710, 60, 183, 'efesdfsdf', '2020-12-20 02:48:17', 0, 0, 665, 'answer'),
(711, 60, 183, 'sdfsd', '2020-12-20 02:48:32', 0, 0, 664, 'answer'),
(712, 60, 183, '123', '2020-12-20 02:49:11', 0, 0, 669, 'answer'),
(713, 60, 183, 'asd', '2020-12-20 02:55:42', 0, 0, 665, 'answer'),
(714, 60, 183, 'asdsadsad', '2020-12-20 02:58:29', 0, 0, 664, 'answer'),
(715, 60, 183, '123456789', '2020-12-20 03:01:44', 0, 0, 669, 'answer'),
(716, 60, 183, '123456789', '2020-12-20 03:01:54', 0, 0, 594, 'answer'),
(717, 60, 183, '12345678', '2020-12-20 03:02:00', 0, 0, 594, 'answer'),
(718, 60, 183, '1234567', '2020-12-20 03:02:07', 0, 0, 594, 'answer'),
(719, 60, 183, '123456', '2020-12-20 03:02:11', 0, 0, 594, 'answer'),
(720, 60, 183, '12345', '2020-12-20 03:02:14', 0, 0, 594, 'answer'),
(721, 60, 183, '1234', '2020-12-20 03:02:18', 0, 0, 594, 'answer'),
(722, 60, 183, '123', '2020-12-20 03:02:22', 0, 0, 594, 'answer'),
(723, 60, 183, '12', '2020-12-20 03:02:33', 0, 0, 594, 'answer'),
(724, 60, 183, '1', '2020-12-20 03:02:35', 0, 0, 594, 'answer'),
(725, 60, 183, 'a', '2020-12-20 03:08:09', 0, 0, 594, 'answer'),
(726, 60, 183, 'b', '2020-12-20 03:08:12', 0, 0, 594, 'answer'),
(727, 60, 183, 'c', '2020-12-20 03:08:13', 0, 0, 594, 'answer'),
(728, 60, 183, 'd', '2020-12-20 03:08:15', 0, 0, 594, 'answer'),
(729, 60, 183, 'e', '2020-12-20 03:08:17', 0, 0, 594, 'answer'),
(730, 60, 183, '!', '2020-12-20 03:09:45', 0, 0, 594, 'answer'),
(731, 60, 183, '@', '2020-12-20 03:09:46', 0, 0, 594, 'answer'),
(732, 60, 183, '#', '2020-12-20 03:09:49', 0, 0, 594, 'answer'),
(733, 60, 183, 'a', '2020-12-20 03:11:47', 0, 0, 517, 'answer'),
(734, 60, 183, 'b', '2020-12-20 03:11:49', 0, 0, 517, 'answer'),
(735, 60, 183, 'c', '2020-12-20 03:11:51', 0, 0, 517, 'answer'),
(736, 60, 183, 'd', '2020-12-20 03:11:53', 0, 0, 517, 'answer'),
(737, 60, 183, 'last', '2020-12-20 03:18:27', 0, 0, 594, 'answer'),
(738, 60, 183, 'last', '2020-12-20 03:26:27', 0, 0, 517, 'answer'),
(739, 60, 183, 'a', '2020-12-20 03:27:45', 0, 0, 561, 'answer'),
(740, 60, 183, 'b', '2020-12-20 03:28:23', 0, 0, 561, 'answer'),
(741, 60, 183, 'last da', '2020-12-20 03:32:23', 0, 0, 561, 'answer'),
(742, 60, 183, 'one', '2020-12-20 03:33:07', 0, 0, 517, 'answer'),
(743, 60, 183, 'two', '2020-12-20 03:33:10', 0, 0, 517, 'answer'),
(744, 60, 183, 'three', '2020-12-20 03:33:13', 0, 0, 517, 'answer'),
(745, 60, 183, 'fout', '2020-12-20 03:33:16', 0, 0, 517, 'answer'),
(746, 60, 183, 'five', '2020-12-20 03:33:18', 0, 0, 517, 'answer'),
(747, 60, 183, 'six', '2020-12-20 03:33:20', 0, 0, 517, 'answer'),
(748, 60, 183, '0', '2020-12-20 03:37:51', 0, 0, 517, 'answer'),
(749, 60, 183, 'zero', '2020-12-20 03:37:55', 0, 0, 517, 'answer'),
(750, 60, 183, 'velichaishi', '2020-12-20 04:03:12', 0, 0, 517, 'answer'),
(751, 60, 183, '1', '2020-12-20 04:04:20', 0, 0, 561, 'answer'),
(752, 60, 183, '2', '2020-12-20 04:06:00', 0, 0, 561, 'answer'),
(753, 60, 183, '3', '2020-12-20 04:06:03', 0, 0, 561, 'answer'),
(754, 60, 183, '4', '2020-12-20 04:06:04', 0, 0, 561, 'answer'),
(755, 60, 183, '5', '2020-12-20 04:06:37', 0, 0, 561, 'answer'),
(756, 60, 183, 'lastA', '2020-12-20 04:08:05', 0, 0, 620, 'answer'),
(757, 60, 183, 'sdfd', '2020-12-20 04:08:32', 0, 0, 559, 'answer'),
(758, 60, 183, '1', '2020-12-20 04:08:42', 0, 0, 559, 'answer'),
(759, 60, 183, '2', '2020-12-20 04:08:44', 0, 0, 559, 'answer'),
(760, 60, 183, '5', '2020-12-20 11:18:51', 0, 0, 669, 'answer'),
(761, 60, 183, '1', '2020-12-20 11:19:31', 0, 0, 559, 'answer'),
(762, 60, 183, '2', '2020-12-20 11:19:33', 0, 0, 559, 'answer'),
(763, 60, 183, '3', '2020-12-20 11:19:37', 0, 0, 559, 'answer'),
(764, 60, 183, 'lassalr', '2020-12-20 11:19:56', 0, 0, 559, 'answer'),
(765, 60, 183, 'ds', '2020-12-20 11:20:11', 0, 0, 559, 'answer'),
(766, 60, 183, 'a njxy', '2020-12-20 11:20:51', 0, 0, 517, 'answer'),
(767, 60, 183, '123', '2020-12-20 11:21:07', 0, 0, 517, 'answer'),
(768, 60, 183, '4', '2020-12-20 11:33:39', 0, 0, 669, 'answer'),
(769, 60, 183, '123', '2020-12-20 11:34:20', 0, 0, 669, 'answer'),
(770, 60, 183, 'alk', '2020-12-20 11:54:20', 0, 0, 594, 'answer'),
(771, 60, 183, 'asd', '2020-12-20 12:06:32', 0, 0, 669, 'answer'),
(772, 60, 183, 'some last', '2020-12-20 12:07:07', 0, 0, 594, 'answer'),
(773, 60, 183, 'sam tki', '2020-12-20 12:12:22', 0, 0, 561, 'answer'),
(774, 60, 183, 'ad', '2020-12-20 12:14:00', 0, 0, 559, 'answer'),
(775, 60, 183, 'asdasd', '2020-12-20 12:14:57', 0, 0, 664, 'answer'),
(776, 60, 183, 'as', '2020-12-20 12:15:37', 0, 0, 664, 'answer'),
(777, 60, 183, 'aslkdjlkasjd', '2020-12-20 01:15:13', 0, 0, 665, 'answer'),
(778, 60, 183, 'kay', '2020-12-20 01:16:06', 0, 0, 664, 'answer'),
(779, 60, 183, 'asdasd', '2020-12-20 01:16:36', 0, 0, 669, 'answer'),
(780, 60, 183, 'a', '2020-12-20 01:17:04', 0, 0, 594, 'answer'),
(781, 60, 183, 'lksjdlkfkjsd', '2020-12-20 01:20:30', 0, 0, 594, 'answer'),
(782, 60, 183, 'slkdflkjsdlkjf', '2020-12-20 01:20:37', 0, 0, 594, 'answer'),
(783, 60, 183, 'aslkjdkjaskldjlkasjdlkasjlkdjaslkjdklasjdlkajsjlkdjakfjhfkjlfdcsk', '2020-12-20 01:22:03', 0, 0, 594, 'answer'),
(784, 60, 183, 'ooooooooooooooooooooooooooooooooobefo', '2020-12-20 01:22:40', 0, 0, 594, 'answer'),
(785, 60, 183, 'da', '2020-12-20 01:22:51', 0, 0, 594, 'answer'),
(786, 60, 183, 'asdasd', '2020-12-20 01:23:25', 0, 0, 594, 'answer'),
(787, 60, 183, 'mla', '2020-12-20 01:24:01', 0, 0, 594, 'answer'),
(788, 60, 183, 'lalala', '2020-12-20 01:25:48', 0, 0, 594, 'answer'),
(789, 60, 183, 'asdfghjkl;', '2020-12-20 01:26:41', 0, 0, 559, 'answer'),
(790, 60, 183, 'a', '2020-12-20 01:28:03', 0, 0, 561, 'answer'),
(791, 60, 183, 's', '2020-12-20 01:31:33', 0, 0, 560, 'answer'),
(792, 60, 183, 's', '2020-12-20 01:31:48', 0, 0, 559, 'answer'),
(793, 60, 183, '1234567890', '2020-12-20 01:35:29', 0, 0, 594, 'answer'),
(794, 60, 183, 'фывапрогот тьлшльбдзхж', '2020-12-20 01:36:05', 0, 0, 594, 'answer'),
(795, 60, 183, 'йцукенгшщзх\\ъэх\\хъх\\х', '2020-12-20 01:42:40', 0, 0, 561, 'answer'),
(796, 60, 183, '123', '2020-12-20 01:42:55', 0, 0, 561, 'answer'),
(797, 60, 183, '00-0-0-0-0-0-0-0-0-0-0-0-0-0-0-0', '2020-12-20 01:43:27', 0, 0, 561, 'answer'),
(798, 60, 183, 'otvetit', '2020-12-20 07:47:14', 0, 0, 561, 'answer'),
(799, 60, 183, 'suka', '2020-12-20 07:47:37', 0, 0, 561, 'answer'),
(800, 60, 183, 'a gde', '2020-12-20 07:47:55', 0, 0, 561, 'answer'),
(801, 60, 183, 'wewe', '2020-12-20 07:48:02', 0, 0, 562, 'answer'),
(802, 60, 183, 'sss', '2020-12-20 07:48:10', 0, 0, 562, 'answer'),
(803, 60, 183, 'asad', '2020-12-20 07:48:13', 0, 0, 562, 'answer'),
(804, 60, 183, 'aD', '2020-12-20 08:04:53', 0, 0, 669, 'answer'),
(805, 60, 183, 'asd', '2020-12-20 08:06:45', 0, 0, 652, 'answer'),
(806, 60, 183, 'dsa', '2020-12-20 08:06:51', 0, 0, 652, 'answer'),
(807, 60, 183, 'asdas', '2020-12-20 08:07:29', 0, 0, 669, 'answer'),
(808, 60, 183, 'a', '2020-12-20 08:07:41', 0, 0, 669, 'answer'),
(809, 60, 183, 'qwe', '2020-12-20 08:08:18', 0, 0, 620, 'answer'),
(810, 60, 183, 'ewq', '2020-12-20 08:08:28', 0, 0, 620, 'answer'),
(811, 60, 183, 'qwe', '2020-12-20 08:08:38', 0, 0, 620, 'answer'),
(812, 60, 183, 'qwe', '2020-12-20 08:08:55', 0, 0, 620, 'answer'),
(813, 60, 183, 'asdfghjk', '2020-12-20 08:10:11', 0, 0, 669, 'answer'),
(814, 60, 183, 'asd', '2020-12-20 08:34:19', 0, 0, 558, 'answer'),
(815, 60, 183, 'kas', '2020-12-20 08:34:33', 0, 0, 558, 'answer'),
(816, 60, 183, '1234', '2020-12-20 08:35:58', 0, 0, 664, 'answer'),
(817, 60, 183, '12', '2020-12-20 08:36:05', 0, 0, 652, 'answer'),
(818, 60, 183, 'lal', '2020-12-20 08:37:08', 0, 0, 669, 'answer'),
(819, 60, 183, 'las', '2020-12-20 08:37:21', 0, 0, 669, 'answer'),
(820, 60, 183, '123', '2020-12-20 08:38:03', 0, 0, 652, 'answer'),
(821, 60, 183, '123', '2020-12-20 08:40:12', 0, 0, 664, 'answer'),
(822, 60, 183, '12', '2020-12-20 08:40:27', 0, 0, 664, 'answer'),
(823, 60, 183, '123', '2020-12-20 08:45:25', 0, 0, 620, 'answer'),
(824, 60, 183, '23', '2020-12-20 08:45:36', 0, 0, 620, 'answer'),
(825, 60, 183, '0000', '2020-12-20 08:45:49', 0, 0, 620, 'answer'),
(826, 60, 183, '0', '2020-12-20 08:45:57', 0, 0, 620, 'answer'),
(827, 60, 183, '1', '2020-12-20 08:50:53', 0, 0, 665, 'answer'),
(828, 60, 183, '2', '2020-12-20 08:50:57', 0, 0, 665, 'answer'),
(829, 60, 183, '3', '2020-12-20 08:51:04', 0, 0, 665, 'answer'),
(830, 60, 183, '4', '2020-12-20 08:51:09', 0, 0, 665, 'answer'),
(831, 60, 183, '1', '2020-12-20 08:51:35', 0, 0, 594, 'answer'),
(832, 60, 183, '123', '2020-12-20 09:09:42', 0, 0, 664, 'answer'),
(833, 60, 183, '123', '2020-12-20 09:14:01', 0, 0, 594, 'answer'),
(834, 60, 183, '4', '2020-12-20 09:16:18', 0, 0, 594, 'answer'),
(835, 60, 183, '1', '2020-12-20 09:19:04', 0, 0, 561, 'answer'),
(836, 60, 183, '47', '2020-12-20 09:19:15', 0, 0, 561, 'answer'),
(837, 60, 126, '23', '2020-12-20 09:23:49', 0, 0, 536, 'answer'),
(838, 60, 126, '32', '2020-12-20 09:23:53', 0, 0, 536, 'answer'),
(839, 60, 126, '56', '2020-12-20 09:23:56', 0, 0, 536, 'answer'),
(840, 60, 126, '0000-0000', '2020-12-20 09:24:08', 0, 0, 536, 'answer'),
(841, 60, 126, '3-3-3-3-3-3-3-3-3', '2020-12-20 09:24:22', 0, 0, 536, 'answer'),
(842, 60, 126, 'lll', '2020-12-20 09:27:31', 0, 0, 536, 'answer'),
(843, 60, 126, 'eeeeeeeeeeeeeeeeeee', '2020-12-20 09:31:24', 0, 1, 536, 'answer'),
(844, 60, 126, 'NULL', '2020-12-20 09:32:54', 0, 0, 536, 'answer'),
(845, 60, 126, 'a', '2020-12-20 09:35:36', 0, 0, 536, 'answer'),
(846, 60, 126, 'p', '2020-12-20 09:36:42', 0, 0, 536, 'answer'),
(847, 60, 126, '-', '2020-12-20 09:38:59', 0, 0, 536, 'answer'),
(848, 60, 126, '=', '2020-12-20 09:41:34', 0, 0, 536, 'answer'),
(849, 60, 126, '3', '2020-12-20 09:43:19', 0, 0, 536, 'answer'),
(850, 60, 126, 'last JS', '2020-12-20 10:11:05', 0, 0, 536, 'answer'),
(851, 60, 126, 'lalalalalast', '2020-12-20 10:16:42', 0, 0, 536, 'answer'),
(852, 60, 126, '9', '2020-12-20 10:21:09', 0, 0, 536, 'answer'),
(853, 60, 126, '0=0', '2020-12-20 10:22:42', 0, 0, 536, 'answer'),
(854, 60, 126, '1234567890-0987654321234567890', '2020-12-20 10:31:55', 0, 0, 536, 'answer'),
(855, 60, 126, '1234543234t543543225432fdf', '2020-12-20 10:32:52', 0, 0, 536, 'answer'),
(856, 60, 126, 'uuaaa ', '2020-12-20 10:35:09', 0, 0, 536, 'answer'),
(857, 60, 126, '-=-', '2020-12-20 10:37:04', 0, 0, 536, 'answer'),
(858, 60, 126, '345da', '2020-12-20 10:48:55', 0, 0, 536, 'answer'),
(859, 60, 126, '098', '2020-12-20 10:51:11', 0, 0, 536, 'answer'),
(860, 60, 126, '00001121212', '2020-12-20 10:52:38', 0, 0, 536, 'answer'),
(861, 60, 126, 'pppoopopoopopipipoipioi', '2020-12-20 10:56:09', 1, 0, 536, 'answer'),
(862, 60, 126, '090909', '2020-12-20 10:56:38', 0, 0, 536, 'answer'),
(863, 60, 126, '-=-=---=-', '2020-12-20 10:57:04', 0, 1, 536, 'answer'),
(864, 60, 126, 'ZERO', '2020-12-20 10:57:17', 0, 0, 864, 'comment'),
(865, 60, 126, 'ZERO', '2020-12-20 10:57:23', 0, 0, 536, 'answer'),
(866, 60, 126, 'Suka erunda', '2020-12-20 11:07:20', 1, 0, 536, 'answer'),
(867, 60, 126, 'kish', '2020-12-20 11:07:49', 0, 1, 536, 'answer'),
(868, 60, 126, 'POTEVET', '2020-12-20 11:08:08', 1, 0, 536, 'answer'),
(869, 60, 183, '1333', '2020-12-21 01:58:17', 0, 0, 594, 'answer'),
(870, 60, 183, 'jaja', '2020-12-21 01:58:33', 0, 0, 594, 'answer'),
(871, 60, 183, 'lalal', '2020-12-21 01:58:45', 0, 0, 594, 'answer'),
(872, 60, 183, 'a', '2020-12-21 02:02:40', 0, 0, 669, 'answer'),
(873, 60, 183, '77', '2020-12-21 02:03:00', 0, 0, 669, 'answer'),
(874, 60, 183, '1qwsde45rfvgyu78iujnmkop-', '2020-12-21 02:07:53', 0, 0, 669, 'answer'),
(875, 60, 183, 'asdasdasd', '2020-12-21 02:08:11', 0, 0, 652, 'answer'),
(876, 60, 183, '1qazxdr55thnnjkio0', '2020-12-21 02:08:59', 0, 0, 557, 'answer'),
(877, 60, 183, '137', '2020-12-21 02:10:14', 0, 0, 557, 'answer'),
(878, 60, 183, '+~', '2020-12-21 02:10:58', 0, 0, 554, 'answer'),
(879, 60, 183, 'tTp', '2020-12-21 02:11:26', 0, 0, 555, 'answer'),
(880, 60, 183, 'jj', '2020-12-21 02:13:18', 0, 1, 556, 'answer'),
(881, 60, 183, '1111111~`', '2020-12-21 02:13:27', 1, 0, 556, 'answer'),
(882, 60, 183, 'asdasd', '2020-12-21 02:13:32', 0, 1, 556, 'answer'),
(883, 60, 183, 'asds', '2020-12-21 02:13:35', 1, 0, 556, 'answer'),
(884, 60, 183, 'asdddddd', '2020-12-21 02:13:40', 0, 1, 556, 'answer'),
(885, 60, 162, '1', '2020-12-21 01:41:14', 0, 0, 885, 'comment'),
(886, 60, 162, '2', '2020-12-21 01:41:16', 1, 0, 886, 'comment'),
(887, 60, 162, '3', '2020-12-21 01:41:17', 0, 0, 887, 'comment'),
(888, 60, 162, '4', '2020-12-21 01:41:18', 0, 0, 888, 'comment'),
(889, 60, 162, '5', '2020-12-21 01:41:19', 1, 0, 889, 'comment'),
(890, 60, 162, '6', '2020-12-21 01:41:20', 0, 0, 890, 'comment'),
(891, 60, 162, '7', '2020-12-21 01:41:29', 2, 0, 891, 'comment'),
(892, 60, 193, '1', '2020-12-21 01:41:43', 0, 0, 892, 'comment'),
(893, 60, 183, '1', '2020-12-21 01:42:43', 0, 0, 893, 'comment'),
(894, 60, 183, '1', '2020-12-21 01:42:46', 0, 0, 893, 'answer'),
(895, 60, 183, ';;;', '2020-12-21 01:45:07', 0, 0, 895, 'comment'),
(896, 60, 183, '56', '2020-12-21 01:45:10', 0, 0, 895, 'answer'),
(897, 60, 183, 'llklklklklkllklkllklklkl', '2020-12-21 02:09:13', 0, 0, 897, 'comment'),
(898, 60, 183, '121', '2020-12-21 02:09:29', 0, 0, 897, 'answer'),
(899, 60, 183, '787', '2020-12-21 02:13:21', 0, 0, 899, 'comment'),
(900, 60, 183, '121', '2020-12-21 02:13:25', 0, 0, 899, 'answer'),
(901, 60, 183, '-=-', '2020-12-21 02:13:29', 0, 0, 899, 'answer'),
(902, 60, 183, 'lol', '2020-12-21 02:13:40', 0, 0, 897, 'answer'),
(903, 60, 183, 'дфые', '2020-12-21 02:15:51', 0, 0, 899, 'answer'),
(904, 60, 183, '00000', '2020-12-21 02:16:27', 0, 0, 899, 'answer'),
(905, 60, 183, ')э)', '2020-12-21 02:16:44', 0, 0, 897, 'answer'),
(906, 60, 183, 'фу', '2020-12-21 02:22:11', 0, 0, 594, 'answer'),
(907, 60, 183, '123', '2020-12-21 02:35:00', 0, 0, 897, 'answer'),
(908, 60, 183, 'жфжэээ', '2020-12-21 04:03:55', 0, 0, 899, 'answer'),
(909, 60, 183, 'ттр', '2020-12-21 04:04:45', 0, 0, 899, 'answer'),
(910, 60, 183, 'ощош', '2020-12-21 04:11:59', 0, 0, 897, 'answer'),
(911, 60, 183, '123456789098765432123456789', '2020-12-21 04:30:23', 0, 0, 897, 'answer'),
(912, 60, 183, 'hohg', '2020-12-21 04:30:31', 0, 0, 897, 'answer'),
(913, 60, 183, 'кря-кря', '2020-12-21 06:01:54', 1, 0, 899, 'answer'),
(914, 60, 183, 'из вне1', '2020-12-21 06:02:22', 0, 0, 899, 'answer'),
(915, 60, 183, 'из вне 2', '2020-12-21 06:02:27', 0, 0, 899, 'answer'),
(916, 60, 183, '2 иннер', '2020-12-21 06:04:01', 0, 0, 893, 'answer'),
(917, 60, 183, 'аут1', '2020-12-21 06:05:15', 0, 0, 893, 'answer'),
(918, 60, 183, 'asd', '2020-12-21 07:23:12', 0, 0, 897, 'answer'),
(919, 60, 183, '2', '2020-12-21 07:23:28', 0, 0, 897, 'answer'),
(920, 60, 183, 'ZERo', '2020-12-21 07:57:37', 0, 0, 897, 'answer'),
(921, 60, 183, '337', '2020-12-21 08:22:59', 0, 0, 897, 'answer'),
(922, 60, 183, 'ddf', '2020-12-21 08:25:22', 0, 0, 893, 'answer'),
(923, 60, 183, 'ddf', '2020-12-21 08:25:44', 0, 0, 895, 'answer'),
(924, 60, 183, 'dds', '2020-12-21 08:26:41', 0, 0, 899, 'answer'),
(925, 60, 183, 'ddff', '2020-12-21 08:27:24', 0, 0, 893, 'answer'),
(926, 60, 183, '123456', '2020-12-21 08:28:38', 0, 0, 893, 'answer'),
(927, 60, 183, '21312312', '2020-12-21 08:33:09', 0, 0, 897, 'answer'),
(928, 60, 183, 'a', '2020-12-21 08:33:21', 0, 0, 897, 'answer'),
(929, 60, 183, 'LOLI', '2020-12-21 08:33:36', 0, 0, 897, 'answer'),
(930, 60, 183, 'FAFAS', '2020-12-21 08:34:25', 0, 0, 897, 'answer'),
(931, 60, 183, '1-=1-1=1-1=', '2020-12-21 08:35:33', 0, 0, 899, 'answer'),
(932, 60, 183, 'oioiooiio', '2020-12-21 08:37:22', 0, 0, 899, 'answer'),
(933, 60, 183, 'OUTER', '2020-12-21 08:43:33', 0, 0, 895, 'answer'),
(934, 60, 183, 'INNNER', '2020-12-21 08:43:42', 0, 0, 895, 'answer'),
(935, 60, 183, 'OUTER', '2020-12-21 08:45:05', 0, 0, 895, 'answer'),
(936, 60, 183, 'name', '2020-12-21 08:54:09', 0, 0, 936, 'comment'),
(937, 60, 183, '1', '2020-12-21 08:54:19', 0, 0, 936, 'answer'),
(938, 60, 183, '2', '2020-12-21 08:54:22', 0, 0, 936, 'answer'),
(939, 60, 183, '3', '2020-12-21 08:54:24', 0, 0, 936, 'answer'),
(940, 60, 183, '4', '2020-12-21 08:54:25', 0, 0, 936, 'answer'),
(941, 60, 183, 'OUTER', '2020-12-21 08:54:38', 0, 0, 936, 'answer'),
(942, 60, 183, 'outer', '2020-12-21 08:55:26', 0, 0, 936, 'answer'),
(943, 60, 183, 'outer3', '2020-12-21 08:57:46', 0, 0, 936, 'answer'),
(944, 60, 183, 'outer4', '2020-12-21 09:00:32', 0, 0, 936, 'answer'),
(945, 60, 183, 'outer5', '2020-12-21 09:03:04', 0, 0, 936, 'answer'),
(946, 60, 183, 'outer6', '2020-12-21 09:04:29', 0, 0, 936, 'answer'),
(947, 60, 183, 'outer7', '2020-12-21 09:19:34', 0, 0, 936, 'answer'),
(948, 60, 183, 'outer8', '2020-12-21 09:25:57', 0, 0, 936, 'answer'),
(949, 60, 183, 'outer9', '2020-12-21 09:29:59', 0, 0, 936, 'answer'),
(950, 60, 183, 'out', '2020-12-21 09:30:45', 0, 0, 936, 'answer'),
(951, 60, 183, 'outer10', '2020-12-21 09:45:14', 0, 0, 936, 'answer'),
(952, 60, 183, '33', '2020-12-21 09:45:47', 0, 0, 952, 'comment'),
(953, 60, 183, '1', '2020-12-21 09:45:54', 0, 0, 952, 'answer'),
(954, 60, 183, '2', '2020-12-21 09:45:58', 0, 0, 952, 'answer'),
(955, 60, 183, '3', '2020-12-21 09:45:59', 0, 0, 952, 'answer'),
(956, 60, 183, 'outer', '2020-12-21 09:46:07', 0, 0, 952, 'answer'),
(957, 60, 183, 'outer1', '2020-12-21 09:50:23', 0, 0, 952, 'answer'),
(958, 60, 183, 'outer2', '2020-12-21 09:54:11', 0, 0, 952, 'answer'),
(959, 60, 183, 'outer3', '2020-12-21 09:59:11', 0, 0, 952, 'answer'),
(960, 60, 183, 'outer4', '2020-12-21 10:00:03', 0, 0, 952, 'answer'),
(961, 60, 183, 'щгеук5', '2020-12-21 10:01:49', 0, 0, 952, 'answer'),
(962, 60, 183, 'щгеук6', '2020-12-21 10:03:23', 0, 0, 952, 'answer'),
(963, 60, 183, 'outer6', '2020-12-21 10:05:24', 0, 0, 952, 'answer'),
(964, 60, 183, '6', '2020-12-21 10:06:31', 1, 0, 964, 'comment'),
(965, 60, 183, '1', '2020-12-21 10:06:33', 1, 0, 964, 'answer'),
(966, 60, 183, 'outer', '2020-12-21 10:06:45', 0, 0, 964, 'answer'),
(967, 60, 183, 'outer -', '2020-12-21 10:08:53', 0, 0, 964, 'answer'),
(968, 60, 183, 'outer4', '2020-12-21 10:12:12', 0, 0, 964, 'answer'),
(969, 60, 183, 'outer7', '2020-12-21 10:15:05', 0, 0, 964, 'answer'),
(970, 60, 183, 'outer77', '2020-12-21 10:23:24', 0, 0, 964, 'answer'),
(971, 60, 183, 'outer', '2020-12-21 10:24:46', 0, 0, 936, 'answer'),
(972, 60, 183, 'OUT', '2020-12-21 10:25:43', 0, 0, 936, 'answer'),
(973, 60, 183, '01', '2020-12-21 10:27:23', 0, 0, 936, 'answer'),
(974, 60, 183, '02', '2020-12-21 10:27:38', 0, 0, 936, 'answer'),
(975, 60, 183, '03', '2020-12-21 10:28:08', 0, 0, 936, 'answer'),
(976, 60, 183, 'i', '2020-12-21 10:48:54', 1, 0, 964, 'answer'),
(977, 60, 183, 'lklkkkal', '2020-12-21 10:50:46', 0, 0, 964, 'answer'),
(978, 60, 183, 'reger', '2020-12-21 10:51:34', 0, 0, 936, 'answer'),
(979, 60, 183, '10', '2020-12-21 10:53:12', 0, 0, 964, 'answer'),
(980, 60, 183, 'oit', '2020-12-21 10:54:31', 0, 0, 964, 'answer'),
(981, 60, 183, '11ujl', '2020-12-21 10:55:37', 0, 0, 964, 'answer'),
(982, 60, 183, '34ujl', '2020-12-21 10:55:52', 0, 0, 964, 'answer'),
(983, 60, 183, '=--=-=-=-[=-=-=-=-=-=-[=-[=-[=-[=-[==-[=-[', '2020-12-21 11:25:40', 0, 0, 964, 'answer'),
(984, 60, 183, 'chlen', '2020-12-21 11:30:52', 0, 0, 964, 'answer'),
(985, 60, 183, 'otvet', '2020-12-21 11:36:12', 0, 0, 964, 'answer'),
(986, 60, 183, 'otiuyt', '2020-12-21 11:37:28', 0, 0, 964, 'answer'),
(987, 60, 183, '13', '2020-12-21 11:39:33', 0, 0, 964, 'answer'),
(988, 60, 183, 'ladna', '2020-12-21 11:42:59', 0, 0, 964, 'answer'),
(989, 60, 183, 'saam takii', '2020-12-21 11:43:32', 0, 0, 964, 'answer'),
(990, 60, 183, 'hero', '2020-12-21 11:44:54', 0, 0, 952, 'answer'),
(991, 60, 183, 'sisisi', '2020-12-21 11:45:25', 0, 0, 936, 'answer'),
(992, 60, 183, 'ДФОЕ', '2020-12-21 11:48:14', 0, 0, 964, 'answer'),
(993, 60, 183, 'DASH', '2020-12-21 11:50:09', 0, 0, 964, 'answer'),
(994, 60, 183, '0909090909090-0-090-090-09-09', '2020-12-21 11:51:38', 0, 0, 964, 'answer'),
(995, 60, 183, 'SUDBA', '2020-12-22 12:01:51', 0, 0, 964, 'answer'),
(996, 60, 183, 'QAQA', '2020-12-22 12:04:42', 0, 0, 964, 'answer'),
(997, 60, 183, 'QUQO', '2020-12-22 12:06:47', 0, 0, 964, 'answer'),
(998, 60, 183, 'KIA', '2020-12-22 12:07:09', 0, 0, 964, 'answer'),
(999, 60, 183, 'JACK', '2020-12-22 12:07:22', 0, 0, 964, 'answer'),
(1000, 60, 183, '12', '2020-12-22 12:07:47', 0, 0, 899, 'answer'),
(1001, 60, 183, 'DIV', '2020-12-22 12:09:12', 1, 0, 893, 'answer'),
(1002, 60, 183, 'LAK', '2020-12-22 12:09:19', 0, 0, 893, 'answer'),
(1003, 60, 183, 'KUKO', '2020-12-22 12:09:29', 0, 0, 893, 'answer'),
(1004, 60, 183, 'HOI', '2020-12-22 12:09:56', 0, 0, 594, 'answer'),
(1005, 60, 183, 'nana', '2020-12-22 12:10:11', 0, 0, 594, 'answer'),
(1006, 60, 183, 'LLKLKLK', '2020-12-22 12:10:20', 0, 0, 594, 'answer'),
(1007, 60, 183, 'SUKAKONEC', '2020-12-22 12:12:16', 0, 0, 594, 'answer'),
(1008, 60, 183, 'KONEC', '2020-12-22 12:12:38', 0, 0, 620, 'answer'),
(1009, 60, 183, '!', '2020-12-22 12:13:46', 0, 0, 594, 'answer'),
(1010, 60, 183, '!CHJXY', '2020-12-22 12:17:38', 0, 0, 594, 'answer'),
(1011, 60, 183, '!JAKIJI', '2020-12-22 12:19:01', 0, 0, 594, 'answer'),
(1012, 60, 183, 'HAKItoN++++____', '2020-12-22 12:20:31', 0, 0, 594, 'answer'),
(1013, 60, 183, '!1', '2020-12-22 12:24:09', 0, 0, 952, 'answer'),
(1014, 60, 183, '*8', '2020-12-22 12:24:20', 0, 0, 952, 'answer'),
(1015, 60, 183, '@', '2020-12-22 12:24:50', 0, 0, 897, 'answer'),
(1016, 59, 183, 'opoasdpoijsapjdpkasd', '2020-12-23 01:11:45', 1, 0, 559, 'answer'),
(1017, 59, 183, 'лодлоывдлаоыв', '2020-12-23 01:32:16', 0, 0, 1017, 'comment'),
(1018, 59, 126, 'ДЩД', '2020-12-23 01:37:21', 0, 1, 536, 'answer'),
(1019, 59, 183, 'fkfdjhsdhfkjhsdjkf', '2020-12-24 03:48:31', 0, 1, 1019, 'comment'),
(1020, 59, 162, 's', '2020-12-25 03:07:23', 0, 0, 889, 'answer'),
(1021, 59, 183, 'Сам таки', '2020-12-28 01:57:03', 1, 0, 669, 'answer'),
(1022, 60, 183, 'outheriiii', '2020-12-28 02:28:14', 0, 0, 964, 'answer'),
(1023, 60, 183, 'inner', '2020-12-28 02:29:22', 0, 0, 964, 'answer'),
(1024, 60, 183, 'отвпет', '2020-12-28 09:12:59', 1, 0, 936, 'answer'),
(1025, 60, 183, 'г1г2г3', '2020-12-28 09:19:08', 1, 0, 964, 'answer'),
(1026, 60, 183, '1397', '2020-12-28 09:21:52', 0, 0, 897, 'answer'),
(1027, 60, 183, 'eeeeda', '2020-12-28 09:25:04', 1, 0, 895, 'answer'),
(1028, 60, 183, '123', '2020-12-28 09:29:27', 0, 0, 952, 'answer'),
(1029, 60, 183, 'kokokkokoko', '2020-12-28 09:35:15', 1, 0, 964, 'answer'),
(1030, 60, 183, 'COMMENTBL', '2020-12-28 09:36:03', 0, 0, 669, 'answer'),
(1031, 60, 183, 'ANSWER SWEETE', '2020-12-28 09:46:40', 1, 0, 964, 'answer'),
(1032, 60, 183, 'YOUR NAME', '2020-12-28 09:47:53', 1, 0, 936, 'answer'),
(1033, 60, 183, 'JOJOS LIFE', '2020-12-28 09:49:09', 0, 1, 652, 'answer'),
(1034, 60, 183, 'KUKU', '2020-12-28 09:49:58', 0, 0, 952, 'answer'),
(1035, 60, 183, 'NLO', '2020-12-28 09:54:07', 1, 0, 964, 'answer'),
(1036, 60, 183, 'ПРИвет как ты вообще', '2020-12-28 10:19:38', 0, 0, 899, 'answer'),
(1037, 60, 183, 'Хэй', '2020-12-28 10:20:05', 0, 0, 899, 'answer'),
(1038, 60, 183, 'ТЭКС', '2020-12-28 10:20:26', 0, 1, 899, 'answer'),
(1039, 60, 162, 'nenene', '2003-08-06 11:25:19', 1, 0, 1039, 'comment'),
(1040, 60, 162, '1', '2020-12-28 11:25:24', 1, 0, 1039, 'answer'),
(1041, 60, 162, '2', '2020-12-28 11:25:27', 0, 0, 1039, 'answer'),
(1042, 60, 162, '3', '2020-12-28 11:25:28', 0, 0, 1039, 'answer'),
(1043, 60, 126, 'd', '2020-12-29 11:32:18', 0, 1, 1043, 'comment'),
(1044, 60, 126, 'sasdasd\r\n', '2020-12-29 11:32:47', 1, 0, 1044, 'comment'),
(1045, 60, 126, 'asd', '2020-12-29 11:36:42', 0, 0, 1044, 'answer'),
(1046, 60, 126, 'asd\r\n', '2020-12-29 11:46:55', 0, 0, 864, 'answer'),
(1047, 60, 126, 'sadassssssssssssssssssssssssssssssssssssssssssssssssssssssssssssssssssssssssssssssssssssssssssssssssssssssssssssssssssssssssssssssssssss\r\nasd\r\n\r\nasd', '2020-12-30 12:37:26', 1, 0, 1044, 'answer'),
(1048, 60, 183, 'hey men very da soglasen fgjdhkkssss sdlkfjjl sdlf sdjkfksdjhfjk skskfn s d f sd f dssssssssss', '2020-12-30 10:55:43', 0, 0, 936, 'answer'),
(1049, 60, 183, 'ssssssssssssssssssssssssssssss\r\nsd\r\n\r\nsdf\r\n\r\nsdf\r\nsdf', '2020-12-30 10:56:04', 0, 0, 1049, 'comment'),
(1050, 60, 183, 'asdas\r\ndasd\r\nas\r\nd\r\nas\r\nd\r\nas\r\n\r\n\r\n\r\nasdasd', '2020-12-30 10:56:28', 0, 0, 1050, 'comment'),
(1051, 60, 183, 'as\r\nasd\r\n\r\nf\r\noopp\r\n\r\n\r\n\r\n\r\ngg\r\n\r\n\r\n\r\n\r\n\r\n\r\n\r\nf', '2020-12-30 10:57:04', 2, 7, 1051, 'comment'),
(1052, 60, 183, 'sdfsd\r\nsdfsdf', '2020-12-30 10:57:19', 0, 0, 1052, 'comment'),
(1053, 60, 183, 'ssssssssssssssssssssssssssssssssssd dddddddddddddddd', '2020-12-30 10:57:25', 0, 0, 1053, 'comment'),
(1054, 60, 183, 'hgjygjghjgh', '2020-12-30 10:57:56', 0, 0, 1054, 'comment'),
(1055, 60, 183, 'dsssssssssssssssssssssssssssssssssssssssssssssss sdf sd f sd f                       sdfsdfssssssssssssssssssssssssssssssssssssssss sdf\r\nsdf\r\n\r\ns\r\ndfsd\r\nfsdfsdf', '2020-12-30 11:10:33', 0, 0, 1055, 'comment'),
(1056, 60, 183, 'aaaaaaaaaaaaaaaaaaaaaaaaaaaaaaaaa\r\ndfsd\r\nfs\r\nd\r\nfs\r\n\r\n\r\n\r\nsdfsdfsdf\r\n\r\n\r\n\r\n\r\n\r\nsdfsdf', '2020-12-30 11:12:58', 1, 0, 1056, 'comment'),
(1057, 60, 183, 'asd\r\nasd\r\nas\r\nd\r\nas\r\n\r\n\r\n\r\nas\r\nd', '2020-12-30 11:13:16', 0, 0, 1057, 'comment'),
(1058, 60, 183, 'ass\r\nad\r\na\r\n\r\nasd\r\na\r\nsssss\r\n', '2020-12-30 11:15:16', 1, 1, 1058, 'comment'),
(1059, 60, 183, 'as,dmkas\r\ndasjdnma\r\ndas\r\nd\r\nas\r\nd\r\nasds\r\n\r\n\r\nasd', '2020-12-30 11:17:09', 1, 0, 1059, 'comment'),
(1060, 60, 183, 'asdaaaaaaaaaaaaaaaaaaaaad\r\nas\r\nd\r\nas\r\n\r\n\r\nasldhjkashdjkhasd', '2020-12-30 11:17:21', 1, 0, 1059, 'answer'),
(1061, 61, 126, 'Сам', '2021-01-05 10:42:37', 1, 0, 1044, 'answer'),
(1062, 59, 162, '[tq\r\n', '2021-01-14 02:11:48', 0, 0, 1062, 'comment'),
(1063, 59, 126, 'ыгым\r\n', '2021-01-14 08:20:19', 0, 0, 536, 'answer'),
(1064, 59, 126, 'Остался белодэб ^-^', '2021-01-14 08:20:33', 5, 6, 1064, 'comment'),
(1067, 59, 126, 'sam', '2021-01-15 16:48:33', 0, 0, 1044, 'answer'),
(1068, 59, 126, 'nea', '2021-01-15 16:50:19', 0, 0, 1044, 'answer'),
(1069, 59, 126, 'adlasdlakdlk', '2021-01-15 16:50:59', 0, 0, 1044, 'answer'),
(1093, 59, 183, 'da', '2021-01-16 16:52:36', 0, 0, 594, 'answer'),
(1094, 59, 183, 'только что', '2021-01-16 16:54:13', 0, 0, 594, 'answer'),
(1095, 59, 183, 'sdfsdklfjsdjflk\r\n', '2021-01-16 23:52:21', 0, 0, 1095, 'comment'),
(1096, 59, 183, 'skjflksdjfl', '2021-01-16 23:52:27', 2, 2, 1095, 'answer'),
(1097, 59, 183, 'klskpof', '2021-01-16 23:53:15', 6, 1, 1095, 'answer'),
(1098, 59, 183, 'wekk;f', '2021-01-16 23:53:20', 1, 2, 1095, 'answer'),
(1103, 59, 126, 'ответ для удаления', '2021-01-17 09:48:09', 0, 0, 1044, 'answer'),
(1171, 59, 126, '1', '2021-01-17 14:37:22', 0, 0, 1044, 'answer'),
(1203, 59, 126, 'otvet', '2021-01-17 15:17:40', 0, 0, 1044, 'answer'),
(1204, 59, 126, 'деда на 9 охохох', '2021-01-17 15:18:06', 0, 0, 864, 'answer'),
(1206, 59, 126, 'дедушка', '2021-01-17 15:18:50', 0, 0, 1044, 'answer'),
(1208, 59, 126, 'konb', '2021-01-17 15:27:08', 0, 0, 536, 'answer'),
(1209, 59, 126, '11nsq', '2021-01-17 15:44:02', 0, 0, 1044, 'answer'),
(1211, 59, 126, 'c', '2021-01-17 15:59:12', 0, 0, 1044, 'answer'),
(1216, 59, 126, 'afraid', '2021-01-17 21:31:41', 0, 0, 864, 'answer'),
(1231, 59, 126, 'ou1', '2021-01-17 23:59:01', 0, 0, 536, 'answer'),
(1239, 59, 126, '12123123213123', '2021-01-18 00:22:25', 0, 0, 1043, 'answer'),
(1240, 59, 126, 'f', '2021-01-18 00:22:49', 0, 0, 1043, 'answer'),
(1251, 59, 126, 'zcxas', '2021-01-18 00:41:46', 0, 0, 1043, 'answer'),
(1253, 59, 126, 'asasdsad', '2021-01-18 00:43:21', 0, 0, 1043, 'answer'),
(1254, 59, 126, 'asd', '2021-01-18 00:44:44', 0, 0, 1043, 'answer'),
(1258, 59, 126, 'as', '2021-01-18 00:47:23', 0, 0, 1044, 'answer'),
(1259, 59, 126, 'ZxZx', '2021-01-18 00:49:03', 0, 0, 864, 'answer'),
(1260, 59, 126, 'SXz', '2021-01-18 00:49:09', 0, 0, 864, 'answer'),
(1261, 59, 126, 'asdasd', '2021-01-18 00:50:14', 0, 0, 1043, 'answer'),
(1262, 59, 126, 'asdsad', '2021-01-18 00:50:17', 0, 0, 1043, 'answer'),
(1263, 59, 126, 'as', '2021-01-18 00:50:53', 0, 0, 864, 'answer'),
(1264, 59, 126, 'asdsad', '2021-01-18 00:50:56', 0, 0, 864, 'answer'),
(1335, 59, 126, 'sah', '2021-01-20 12:30:38', 0, 3, 1064, 'answer'),
(1337, 59, 126, 'фывфывфыв\\\\', '2021-01-20 13:00:32', 0, 0, 1064, 'answer'),
(1338, 59, 126, 'фывфыв', '2021-01-20 13:00:50', 0, 0, 1064, 'answer'),
(1339, 59, 126, 'фывфывыфв', '2021-01-20 13:00:56', 0, 0, 1064, 'answer'),
(1340, 59, 126, 'realk', '2021-01-01 16:50:24', 1, 0, 1064, 'answer'),
(1341, 59, 126, 'asds', '2021-01-21 00:39:16', 0, 0, 1064, 'answer'),
(1344, 59, 126, 'кайф', '2021-01-21 14:35:06', 0, 0, 1064, 'answer'),
(1345, 59, 126, 'как', '2021-01-21 14:40:00', 0, 0, 1064, 'answer'),
(1346, 59, 126, 'ind', '2021-01-21 14:42:42', 0, 0, 1064, 'answer'),
(1348, 59, 192, 'первый блин', '2021-01-21 22:48:43', 0, 0, 1348, 'comment'),
(1349, 59, 192, 'второй', '2021-01-21 22:48:53', 0, 0, 1349, 'comment'),
(1350, 59, 192, 'третий хывхфзыхзвфызвзхыф', '2021-01-21 22:48:58', 0, 0, 1350, 'comment'),
(1352, 59, 126, 'commentsd', '2021-01-23 15:36:12', 0, 0, 1064, 'answer'),
(1355, 60, 126, 'as', '2021-01-23 20:30:01', 0, 0, 536, 'answer'),
(1357, 60, 126, 'asdsd', '2021-01-23 20:36:25', 0, 0, 1043, 'answer'),
(1368, 60, 183, 'asdasds', '2021-01-24 17:22:45', 0, 1, 1095, 'answer'),
(1373, 60, 183, 'asdasads s', '2021-01-24 17:49:33', 0, 0, 1095, 'answer'),
(1376, 60, 126, 'sa', '2021-01-24 18:12:49', 0, 0, 1043, 'answer'),
(1389, 59, 183, 'ы', '2021-01-25 19:47:37', 0, 0, 1056, 'answer'),
(1392, 59, 162, 'бррр\r\nфыв\r\nф\\\r\n\r\n.', '2021-01-26 23:22:39', 0, 0, 1392, 'comment'),
(1393, 59, 186, 'asd', '2021-01-26 23:58:39', 0, 0, 1393, 'comment'),
(1394, 60, 184, 'asads', '2021-01-27 18:43:12', 0, 0, 1394, 'comment'),
(1395, 60, 184, 'asdasd', '2021-01-27 18:43:29', 1, 0, 1395, 'comment'),
(1396, 60, 184, 'asdfsd', '2021-01-27 18:47:03', 1, 0, 1396, 'comment'),
(1397, 59, 196, 'd', '2021-01-30 01:16:28', 0, 0, 1397, 'comment'),
(1398, 59, 196, 'dfd', '2021-01-30 01:16:33', 1, 0, 1398, 'comment'),
(1399, 59, 196, 'dfvdfv', '2021-01-30 01:16:35', 0, 0, 1399, 'comment'),
(1401, 59, 126, 'sasdas,jdjaskjld asdasd', '2021-02-01 23:57:52', 3, 3, 1401, 'comment'),
(1402, 59, 184, 'msflkskdjlfk', '2021-02-01 23:59:02', 0, 0, 1396, 'answer'),
(1403, 59, 184, 'as,djlasijkd', '2021-02-01 23:59:30', 0, 0, 1396, 'answer'),
(1404, 59, 184, 'asdasd', '2021-02-02 00:02:05', 0, 0, 1396, 'answer'),
(1405, 59, 184, 'asdasd', '2021-02-02 00:04:15', 1, 0, 1396, 'answer'),
(1406, 59, 184, 'a,msndn', '2021-02-02 00:05:07', 0, 0, 1396, 'answer'),
(1409, 59, 126, 'df otvet', '2021-02-07 15:53:05', 0, 0, 1044, 'answer'),
(1410, 59, 126, 'a', '2021-02-07 23:00:58', 0, 0, 1044, 'answer'),
(1418, 59, 126, 's', '2021-02-08 00:47:52', 0, 0, 1401, 'answer'),
(1419, 59, 126, 'sdfds', '2021-02-08 00:48:55', 0, 0, 1401, 'answer'),
(1420, 59, 126, 's', '2021-02-08 00:54:20', 0, 0, 1401, 'answer'),
(1421, 59, 126, 'omonono', '2021-02-08 00:54:45', 0, 0, 1401, 'answer'),
(1422, 59, 126, 'last', '2021-02-08 00:56:15', 0, 0, 1401, 'answer'),
(1423, 59, 126, 'clone', '2021-02-08 00:57:12', 0, 0, 864, 'answer'),
(1424, 59, 126, 'ыва', '2021-02-08 01:09:29', 0, 0, 864, 'answer'),
(1425, 59, 126, 'asd', '2021-02-08 01:10:26', 0, 0, 864, 'answer'),
(1426, 59, 126, 'оц', '2021-02-08 01:11:50', 0, 0, 1401, 'answer'),
(1427, 59, 126, 'ываввввв', '2021-02-08 01:12:47', 0, 0, 1064, 'answer'),
(1428, 59, 126, 'ы', '2021-02-08 01:15:12', 0, 0, 1044, 'answer'),
(1429, 59, 126, 'изнутри', '2021-02-08 01:16:02', 0, 0, 1044, 'answer'),
(1430, 59, 126, 'фывыфв', '2021-02-08 01:18:24', 0, 0, 1044, 'answer'),
(1431, 59, 126, 'изн выа', '2021-02-08 01:19:15', 0, 0, 1044, 'answer'),
(1432, 59, 126, 'ответик', '2021-02-08 01:20:23', 0, 0, 1044, 'answer'),
(1433, 59, 126, 'ответ мой', '2021-02-08 01:23:07', 0, 0, 1044, 'answer'),
(1434, 59, 126, 'фы', '2021-02-08 01:23:42', 0, 0, 1044, 'answer'),
(1435, 59, 126, 'иннер', '2021-02-08 01:24:03', 0, 0, 1044, 'answer');

-- --------------------------------------------------------

--
-- Структура таблицы `comments_marks`
--

CREATE TABLE `comments_marks` (
  `id` int(11) NOT NULL,
  `parent_comment_id` int(11) NOT NULL,
  `user_id` int(11) NOT NULL,
  `mark_type` text COLLATE utf8mb4_unicode_ci DEFAULT 'undefined',
  `post_id` int(11) NOT NULL
) ENGINE=InnoDB DEFAULT CHARSET=utf8mb4 COLLATE=utf8mb4_unicode_ci;

--
-- Дамп данных таблицы `comments_marks`
--

INSERT INTO `comments_marks` (`id`, `parent_comment_id`, `user_id`, `mark_type`, `post_id`) VALUES
(37, 511, 59, 'like', 183),
(38, 514, 59, 'like', 183),
(40, 535, 59, 'like', 183),
(41, 540, 59, 'dislike', 183),
(42, 544, 59, 'like', 183),
(43, 543, 59, 'like', 183),
(44, 546, 59, 'like', 183),
(47, 561, 59, 'like', 183),
(50, 517, 59, 'like', 183),
(51, 547, 59, 'like', 183),
(52, 563, 59, 'dislike', 183),
(53, 566, 59, 'like', 183),
(57, 561, 60, 'like', 183),
(58, 562, 60, 'like', 183),
(59, 580, 59, 'like', 162),
(60, 582, 59, 'dislike', 183),
(62, 589, 59, 'like', 183),
(63, 657, 59, 'like', 183),
(64, 620, 59, 'like', 183),
(65, 648, 59, 'dislike', 183),
(67, 556, 60, 'dislike', 183),
(68, 634, 60, 'like', 183),
(70, 843, 60, 'dislike', 126),
(72, 861, 60, 'like', 126),
(73, 863, 60, 'dislike', 126),
(74, 866, 60, 'like', 126),
(75, 867, 60, 'dislike', 126),
(76, 868, 60, 'like', 126),
(77, 883, 60, 'like', 183),
(78, 884, 60, 'dislike', 183),
(79, 882, 60, 'dislike', 183),
(80, 881, 60, 'like', 183),
(81, 880, 60, 'dislike', 183),
(82, 665, 60, 'like', 183),
(83, 913, 60, 'like', 183),
(84, 1001, 60, 'like', 183),
(85, 1016, 59, 'like', 183),
(86, 1018, 59, 'dislike', 126),
(87, 891, 59, 'like', 162),
(88, 1019, 59, 'dislike', 183),
(89, 976, 60, 'like', 183),
(90, 964, 60, 'like', 183),
(91, 1021, 59, 'like', 183),
(92, 1024, 60, 'like', 183),
(94, 1025, 60, 'like', 183),
(97, 1027, 60, 'like', 183),
(103, 1029, 60, 'like', 183),
(105, 1031, 60, 'like', 183),
(108, 1032, 60, 'like', 183),
(112, 1033, 60, 'dislike', 183),
(116, 1035, 60, 'like', 183),
(120, 1038, 60, 'dislike', 183),
(121, 889, 60, 'like', 162),
(122, 891, 60, 'like', 162),
(123, 1047, 60, 'like', 126),
(125, 1061, 61, 'like', 126),
(126, 1044, 61, 'like', 126),
(127, 1043, 61, 'dislike', 126),
(128, 1039, 59, 'like', 162),
(129, 886, 59, 'like', 162),
(130, 1040, 59, 'like', 162),
(133, 537, 59, 'like', 126),
(163, 1097, 59, 'dislike', 183),
(164, 1096, 59, 'like', 183),
(168, 1058, 59, 'dislike', 183),
(169, 1051, 59, 'dislike', 183),
(179, 1368, 59, 'dislike', 183),
(182, 1056, 59, 'like', 183),
(184, 1060, 59, 'like', 183),
(212, 510, 59, 'like', 183),
(213, 1064, 60, 'like', 126),
(214, 1395, 60, 'like', 184),
(215, 1059, 60, 'like', 183),
(216, 1398, 60, 'like', 196),
(218, 1396, 59, 'like', 184),
(221, 1405, 59, 'like', 184),
(222, 1064, 59, 'like', 126),
(232, 1401, 59, 'dislike', 126);

-- --------------------------------------------------------

--
-- Структура таблицы `posts`
--

CREATE TABLE `posts` (
  `id` int(11) NOT NULL,
  `name` text COLLATE utf8mb4_unicode_ci DEFAULT NULL,
  `description` text COLLATE utf8mb4_unicode_ci DEFAULT NULL,
  `text` text COLLATE utf8mb4_unicode_ci DEFAULT NULL,
  `date_of_create` datetime DEFAULT NULL,
  `date_of_last_edit` datetime DEFAULT NULL,
  `likes` int(11) NOT NULL DEFAULT 0,
  `dislikes` int(11) NOT NULL DEFAULT 0,
  `views` int(11) NOT NULL DEFAULT 0
) ENGINE=InnoDB DEFAULT CHARSET=utf8mb4 COLLATE=utf8mb4_unicode_ci;

--
-- Дамп данных таблицы `posts`
--

INSERT INTO `posts` (`id`, `name`, `description`, `text`, `date_of_create`, `date_of_last_edit`, `likes`, `dislikes`, `views`) VALUES
(126, 'Влияние Дарвина на теорию эволюцииф', 'Дарвини́зм — по имени английского натуралиста Чарльза Дарвина — в узком смысле — направление эволюционной мысли, приверженцы которого согласны с основными идеями Дарвина.', 'Дарвинизм подвергается критике со стороны ряда представителей религий, считающих, что он противоречит божественному сотворению человека. В наше время такое мнение не общепризнанно. Кроме того, дарвинизм объясняет происхождение человека длительной эволюцией, а это, согласно буквальному прочтению канонических текстов авраамических религий, идёт вразрез со сравнительно недавним образованием мира. Вместе с тем, католическая церковь специальной папской энцикликой — Humani generis, признала, что теория эволюции не противоречит учению Церкви и «может рассматриваться как гипотеза в вопросе о происхождении тела человека»[1].\r\n\r\nКарл Поппер (лично симпатизировавший дарвинизму) в ревизии научных теорий вынужден был отнести эту теорию к «ненаучным» теориям, поскольку её невозможно фальсифицировать[2].\r\n\r\nВ настоящий момент, хотя теория эволюции в научном мире общепринята, существует критика идей дарвинизма с позиции креационизма. При этом, в общем случае, критике подвергается не современный корпус идей эволюционизма, а дарвиновские идеи второй половины XIX века. Таким образом в ряде случаев критиками не учитывается развитие дарвинистских идей за последние 150 лет. Главные и наиболее популярные аргументы, которые выдвигаются против теории эволюции (в их числе: отсутствие переходных форм, большая сложность биологических структур и невозможность их формирования за счёт накопления малых случайных изменений, «вредность» мутsаций и некоторые другие)[3], были сформулированы ещё в конце XIX — начале XX веков, и с тех пор по большей части практически не подверглись значительному пересмотру. Аргументы креационистов проистекают из поверхностного знания основ химии, физики, геологии и биологии, кроме того выдвигаемые контртеории чаще всего не проходят какой-либо проверки на научность[4]. Современный американский писатель и ученый Дэвид Берлински, не будучи креационистом, тем не менее, активно критикует дарвинизм[5].\r\n\r\nРусский академик К. М. Бэр (1792 - 1876), также известный как \"Отец эмбриологии\", незадолго до самого Дарвина поделился мыслью превращения видов со временем в другие виды, хотя он и не поддерживал Дарвина, его учение и идеи[6].', '2021-01-27 00:00:00', '2021-01-28 00:00:00', 3, 0, 78),
(162, 'Чёрный цвет', 'Чёрный — тон, отсутствие светового потока от объекта. В системе RGB обозначается как #000000. Оттенки чёрного цвета именуются серым цветом. Чёрный цвет является ахроматическим цветом, то есть цветом без оттенка', 'История\r\nЧёрный был одним из первых цветов, который использовался художниками в наскальных рисунках во времена неолита[3]. В XIV веке в большей части Европы его носили члены королевской семьи, духовенства, судьи и правительственные чиновники. Европейские правители видели в этом цвет силы, достоинства, смирения и сдержанности. К концу XVI века это был цвет, который носили почти все монархи Европы и их дворы[4].\r\n\r\nВ то время как чёрный цвет был цветом, который носили католические правители Европы, он был также символическим цветом протестантской Реформации в Европе и пуритан в Англии и Америке. Джон Кальвин, Филипп Меланхтон и другие протестантские богословы осудили богато окрашенные и украшенные интерьеры римско-католических церквей. Они видели в красном цвете, который носил Папа и его кардиналы, цвет роскоши, греха и человеческой глупости[5]. В некоторых североевропейских городах толпы людей нападали на церкви и соборы, разбивали витражи и портили статуи и украшения. В протестантской доктрине одежда должна была быть умеренной, простой и сдержанной. Яркие цвета были изгнаны и заменены черными, коричневыми и серыми; женщинам и детям было рекомендовано носить белое[6]..\r\n\r\nВо второй половине XVII века в Европе и Америке прошла эпидемия страха перед колдовством. Многие полагали, что дьявол появился в полночь на церемонии, называемой чёрной мессой или чёрной субботой, обычно в форме чёрного животного, часто козы, собаки, волка, медведя, оленя или петуха, в сопровождении их фамильярных духов, чёрной кошки, змеи и других чёрных существ. Отсюда широко распространилось суеверие о черных кошках и других чёрных животных. В средневековой Фландрии на церемонии, называемой Каттенштут (Kattenstoet), для отражения колдовства с колокольни Тканевого Зала Ипра были сброшены черные кошки[7].\r\n\r\nОн стал цветом, который носили английские романтические поэты, бизнесмены и государственные деятели в XIX веке, и цвет высокой моды в XX веке[2]. В Римской империи он стал цветом траура, и на протяжении веков он часто ассоциировался со смертью, злом, ведьмами и магией[8].\r\n\r\nСогласно опросам, проведённым в Европе и Северной Америке, этот цвет чаще всего ассоциируется с трауром, концом, секретами, магией, силой, насилием, злом и элегантностью[2].\r\n\r\nЧёрные чернила являются наиболее распространенным цветом, используемым для печати книг, газет и документов, поскольку они обеспечивают максимальный контраст с белой бумагой и, следовательно, самый лёгкий цвет для чтения. Точно так же чёрный текст на белом экране является наиболее распространенным форматом, используемым на экранах компьютеров', '2021-01-27 00:00:00', '2021-01-27 00:00:00', 1, 1, 5),
(183, 'Майнкоавт', 'Согласно палеонтологическим сведениям, род медведей появился 5—6 ми', 'Систематика\r\nВ роде 4 современных вида и несколько десятков подвидов, которым ранее некоторые авторы придавали видовой статус (до 78 видов).[1]\r\n\r\nБурый медведь (Ursus arctos)\r\nЕвропейский бурый медведь (Ursus arctos arctos)\r\nЗакавказский бурый медведь (Ursus arctos syriacus)[2]\r\nГризли (Ursus arctos horribilis) *\r\nКадьяк (Ursus arctos middendorffi) *\r\nАпеннинский бурый медведь (Ursus arctos marsicanus)\r\nТяньшанский бурый медведь (Ursus arctos isabellinus)\r\nТибетский бурый медведь (Ursus arctos pruinosus), или медведь-пищухоед[2]\r\nЯпонский бурый медведь (Ursus arctos yesoensis)\r\nГобийский бурый медведь (Ursus arctos gobiensis)\r\nМедведь Бергмана (Ursus arctos piscator) †\r\nАтласский медведь (Ursus arctos crowtheri) †s\r\nКалифорнийский бурый медведь (Ursus arctos californicus) †\r\nМексиканский бурый медведь (Ursus arctos nelsoni) †\r\nБарибал (Ursus americanus)\r\nUrsus americanus altifrontalis\r\nUrsus americanus amblyceps\r\nUrsus americanus americanus\r\nUrsus americanus californiensis\r\nUrsus americanus carlottaes\r\nUrsus americanus cinnamomum\r\nЛедниковый медведь (Ursus americanus emmonsii)[2]\r\nUrsus americanus eremicus\r\nUrsus americanus floridanus\r\nUrsus americanus hamiltoni\r\nUrsus americanus kermodei\r\nUrsus americanus luteolus\r\nUrsus americanus machetes\r\nUrsus americanus perniger\r\nUrsus americanus pugnax\r\nUrsus americanus vancouveri\r\nБелый медведь (Ursus maritimus)\r\nГигантский белый медведь Ursus maritimus tyrannus †\r\nБелогрудый медведь (Ursus thibetanus), Selenarctos tibetanus, или гималайский медведь\r\nUrsus thibetanus formosanus\r\nБелуджистанский белогрудый медведь (Ursus thibetanus gedrosianus)[2]\r\nUrsus thibetanus japonicus\r\nUrsus thibetanus laniger\r\nUrsus thibetanus mupinensissdfsdf\r\nUrsus thibetanus thibetanus\r\nУссурийский белогрудый медведь (Ursus thibetanus ussuricus)[2]\r\nЭтрусский медведь (Ursus etruscus) †\r\nПещерный медведь (Ursus spelaeus) †\r\nМалый пещерный медведь (Ursus rossicus) †\r\nUrsus minimus †\r\nОчковый медведь (Tremarctos)\r\nОчковый медведь (Tremarctos ornatus)e\r\nФлоридский пещерный медведь (Tremarctos floridanus) \r\nГубач (Melursus ursinus)\r\nМалайский медведь (Helarctos malayanus)\r\nКороткомордый медведь (Arctodus) cd\r\nМалый короткомордый медведь (Arctodus pristinus) †\r\nГигантский короткомордый медведь (Arctodus simus) \r\nВ систематике последние 8 видов, начиная с Очкового медведя, выделяют в особые подсемейства Медвежьих.\r\n\r\nБарибал, бурый и белый медведи скрещиваются и дают гибриды.\r\n\r\n* — ранее гризли выделяли в отдельный вид, а не в подвид бурого медведя. В настоящий момент статус гризли (вид или подвид) оспаривается.', '2021-01-27 00:00:00', '2021-01-27 00:00:00', 0, 1, 67),
(184, 'Лоси', 'Ло́си[1][2] (лат. Alces) — род парнокопытных млекопитающих, самые крупные представители семейства оленевых[2][3]. Включает 2 вида: европейский лось (лат. Alces alces) и американский лось (лат. Alces americanus), которые имеют разное число хромосом (68 и 70, соответственно)[2]. Так как различие в хромосомах не препятствует гибридизации этих видов лосей, и оба вида в Восточной Сибири соседствуют на одной и той же территории, то в последние годы многие учёные считают их подвидами одного вида (лат. Alces alces)[4].', 'Внешний вид<br />\r\nДлина тела самца до 3 м, высота в холке до 2,3 м, длина хвоста 12—13 см[5]; масса 360—600 кг; на Дальнем Востоке России и в Канаде — до 655 кг. Самки меньше. По внешнему облику лось заметно отличается от других оленевых. Туловище и шея у него короткие, холка высокая, в виде горба. Ноги сильно вытянутые, поэтому, чтобы напиться, лось вынужден заходить глубоко в воду или становиться на запястья.<br />\r\n<br />\r\nГолова крупная, горбоносая, с нависающей мясистой верхней губой. Под горлом мягкий кожистый вырост («серьга»), достигающий 25—40 см. Шерсть грубая, буровато-чёрная; ноги светло-серые, почти белые. Копыта на передних ногах заострены, что позволяет лосю использовать их как оружие в стычках с хищниками вроде волков или медведей (но не в брачных поединках с соперниками, чтобы не нанести им увечий). Всего одного удара таким копытом достаточно для того, чтобы пробить врагу череп или распороть живот.<br />\r\n<br />\r\nУ самцов огромные (самые крупные из современных млекопитающих) лопатообразные рога; их размах достигает 180 см, масса — 20—30 кг. Рога лось сбрасывает ежегодно в ноябре — декабре и ходит без них до апреля — мая. Самки безрогие.<br />\r\n<br />\r\nЧасто лося называют сохатым из-за рогов, своей формой напоминающих соху.<br />\r\n<br />\r\nРаспространение<br />\r\nЛось распространён в лесной зоне Северного полушария, реже в лесотундре, лесостепи и на окраинах степной зоны. В Европе встречается в Польше, Прибалтике, Чехии, Венгрии, Белоруссии, на севере Украины, в Скандинавии и в европейской части России. В зарубежной Европе был истреблён: в Западной Европе в XVIII в., в Восточной — в XIX в. В Польше, Чехии, Венгрии и в Скандинавии лось вновь расселился в результате охраны, начатой с 1920-х годов. В Азии обитает от северной Монголии и северо-восточного Китая до северной части сибирской тайги. В Северной Америке водится на Аляске, в Канаде и на северо-востоке США, доходя до штата Колорадо. В России распространён до Ростовской области на юг[6] и до Тихоокеанского побережья на восток, преимущественно в лесах.<br />\r\n<br />\r\nВ России живёт приблизительно 730 тысяч особей (примерно половина общей популяции), а всего на Земле — около полутора миллионов.<br />\r\n<br />\r\nОбраз жизни и питание<br />\r\n<br />\r\nНа переправе<br />\r\nЛоси населяют различные леса, заросли ивняков по берегам степных рек и озёр, в лесотундре держатся по березнякам и осинникам. В степи и тундре летом встречаются и вдали от леса, иногда на сотни километров. Большое значение для лосей имеет наличие болот, тихих рек и озёр, где летом они кормятся водной растительностью и спасаются от жары. Зимой для лося необходимы смешанные и хвойные леса с густым подлеском. В той части ареала, где высота снежного покрова не более 30—50 см, лоси живут оседло; там, где она достигает 70 см, на зиму совершают переходы в менее снежные районы. Переход к местам зимовок идёт постепенно и продолжается с октября по декабрь — январь. Первыми идут самки с лосятами, последними — взрослые самцы и самки без лосят. В день лоси проходят по 10—15 км. Обратные, весенние перекочёвки происходят во время таяния снегов и в обратном порядке: первыми идут взрослые самцы, последними — самки с лосятами.<br />\r\n<br />\r\nУ лосей нет определённых периодов приёма пищи и отдыха. Летом жара делает их ночными животными, днём загоняя на поляны, где дует ветер, в озёра и болота, где можно спрятаться по шею в воду, или в густые хвойные молодняки, которые немного защищают от насекомых. Зимой лоси кормятся днём, а ночью почти всё время остаются на лёжке. В большие морозы животные ложатся в рыхлый снег так, что над ним торчат только голова и холка, что сокращает теплоотдачу. Зимой лось сильно вытаптывает снег на участке, называемом у охотников лосиным «стойбищем», стойбом. Расположение стойб зависит от кормных мест. В Средней России это в основном молодые сосняки, в Сибири — заросли ивняков или кустарниковых берёз по берегам рек, на Дальнем Востоке — редкостойные хвойные леса с лиственным подлеском. Одним стойбом могут пользоваться несколько лосей одновременно; в приокских сосновых борах в 50-х годах XX века зимой на некоторых участках собиралось до 100 и более лосей на 1000 га.<br />\r\n<br />\r\n<br />\r\nСледы лося на снегу. Знаменский район Омской области<br />\r\nЛоси питаются древесно-кустарниковой и травянистой растительностью, а также мхами, лишайниками и грибами. Летом они поедают листья, доставая их благодаря своему росту со значительной высоты; кормятся водными и околоводными растениями (вахта, калужница, кубышки, кувшинки, хвощи), а также высокими травами на гарях и лесосеках — кипреем, щавелем. В конце лета отыскивают шляпочные грибы (в том числе мухоморы, которые используют как лекарственное средство), веточки черники и брусники с ягодами. С сентября начинают скусывать побеги и ветви деревьев и кустарников и к ноябрю почти полностью переходят на веточный корм. К числу основных зимних кормов лосей относятся ива, сосна (в Северной Америке — пихта), осина, рябина, берёза, малина; в оттепели они гложут кору. За сутки взрослый лось съедает: летом около 35 кг корма, а зимой — 12—15 кг; за год — около 7 т. При большой численности лоси повреждают лесные питомники и посадки. Почти повсюду лоси посещают солонцы; зимой слизывают соль даже с шоссейных дорог.<br />\r\n<br />\r\nЛоси быстро бегают, до 56 км/ч; хорошо плавают. Разыскивая водные растения, могут держать голову под водой больше минуты. От хищников обороняются ударами передних ног. Даже бурый медведь не решается нападать на открытой местности на самца лося. Как правило медведь старается напасть при наличии кустарника, чтобы лось был ограничен в движениях. Из органов чувств у лося лучше всего развиты слух и обоняние; зрение слабое — неподвижно стоящего человека он не видит на расстоянии немногих десятков метров.<br />\r\n<br />\r\nЛось очень редко первым нападает на человека. Обычно нападение происходит при раздражающих факторах или приближении к лосятам.', '2021-01-27 00:00:00', NULL, 0, 1, 7),
(185, 'Солнечное затмение', 'Со́лнечное затме́ние — астрономическое явление, которое заключается в том, что Луна закрывает (затмевает) полностью или частично Солнце от наблюдателя на Земле. Солнечное затмение возможно только в новолуние, когда сторона Луны, обращённая к Земле, не освещена, и сама Луна не видна. Затмения возможны, только если новолуние происходит вблизи одного из двух лунных узлов (точки пересечения видимых орбит Луны и Солнца), не далее, чем примерно в 12 градусах от одного из них.', 'Описание<br />\r\n<br />\r\nАнимированное кольцевое затмение 3 октября 2005 года<br />\r\nШирина тени Луны на земной поверхности не превышает 270 км, поэтому солнечное затмение наблюдается только в узкой полосе на пути тени. Поскольку Луна обращается по эллиптической орбите, расстояние между Землёй и Луной в момент затмения может быть различным, соответственно, диаметр пятна лунной тени на поверхности Земли может варьироваться в широких пределах от максимального до нуля (когда вершина конуса лунной тени не достигает поверхности Земли). Если наблюдатель находится в полосе тени, он видит полное солнечное затмение, при котором Луна полностью скрывает Солнце, небо темнеет, и на нём могут появиться планеты и яркие звёзды. Вокруг скрытого Луной солнечного диска можно наблюдать солнечную корону, которая при обычном ярком свете Солнца не видна. Поскольку температура короны гораздо выше чем у фотосферы, она имеет блёкло-голубоватый цвет, неожиданный для тех, кто видит её первый раз, и сильно отличается от ожидаемого цвета Солнца. При наблюдении затмения неподвижным наземным наблюдателем полная фаза длится не более нескольких минут. Минимальная скорость движения лунной тени по земной поверхности составляет чуть более 1 км/с. Во время полного солнечного затмения космонавты, находящиеся на орбите, могут наблюдать на поверхности Земли бегущую тень от Луны.<br />\r\n<br />\r\nНаблюдатели, находящиеся вблизи полосы полного затмения, могут видеть его как частное солнечное затмение. При частном затмении Луна проходит по диску Солнца не точно по центру, скрывая только его часть. При этом небо темнеет гораздо слабее, чем при полном затмении, звёзды не появляются. Частное затмение может наблюдаться на расстоянии порядка двух тысяч километров от зоны полного затмения.<br />\r\n<br />\r\nПолнота солнечного затмения также выражается фазой Φ. Максимальная фаза частного затмения обычно выражается в сотых долях от единицы, где 1 — полная фаза затмения. Полная фаза может быть и больше единицы, например 1,01, если диаметр видимого лунного диска больше диаметра видимого солнечного диска. Частные фазы имеют значение меньше 1. На краю лунной полутени фаза равна 0.<br />\r\n<br />\r\nМомент, когда передний/задний край диска Луны касается края Солнца, называется касанием. Первое касание — момент, когда Луна вступает на диск Солнца (начало затмения, его частной фазы). Последнее касание (четвёртое в случае полного затмения) — это последний момент затмения, когда Луна сходит с диска Солнца. В случае полного затмения, второе касание — момент, когда передняя часть Луны, пройдя по всему Солнцу, начинает выходить с диска. Полное солнечное затмение происходит между вторым и третьим касаниями. Через 600 миллионов лет приливное ускорение отдалит Луну от Земли настолько, что полное солнечное затмение станет невозможно[1].', '2021-01-27 00:00:00', NULL, 0, 0, 0),
(186, 'Томаты', 'Тома́т или помидóр (лат. Solánum lycopérsicum) — однолетнее или многолетнее травянистое растение, вид рода Паслён (Solanum)[2] семейства Паслёновые (Solanaceae). Возделывается как овощная культура; выращивается ради съедобных плодов — сочных многогнёздных ягод различной формы и окраски, также называемых томатами или помидорами.', 'Название<br />\r\n«Томат» восходит к ацтекскому названию растения «томатль»[3]. В русский язык слово попало из французского (tomate). «Помидор», другой популярный вариант названия овоща, происходит от итал. pomo d\'oro — «золотое яблоко»[4].<br />\r\n<br />\r\nСуществует также ещё одна версия: вскоре после открытия Америки, ярко-красные помидоры в Европе, видимо, из-за их расцветки, символизирующей любовь, были переименованы в любовные яблоки ( франц. pomme d\'amoure, а по-русски - помидор)[5].<br />\r\n<br />\r\nБиологические особенности<br />\r\nСсылки на источники<br />\r\nВ этом разделе не хватает ссылок на источники информации.<br />\r\nИнформация должна быть проверяема, иначе она может быть поставлена под сомнение и удалена.<br />\r\nВы можете отредактировать эту статью, добавив ссылки на авторитетные источники.<br />\r\nЭта отметка установлена 6 мая 2019 года.<br />\r\n<br />\r\nЦветки и листья томата<br />\r\nТомат имеет сильно развитую корневую систему стержневого типа. Корни разветвлённые, растут и формируются быстро. Уходят в землю на большую глубину (при безрассадной культуре до 1 м и более), распространяясь в диаметре на 1,5—2,5 м. При наличии влаги и питания дополнительные корни могут образовываться на любой части стебля, поэтому томат можно размножать не только семенами, но также черенками и боковыми побегами (пасынками). Поставленные в воду, они через несколько суток образуют корни.<br />\r\n<br />\r\nСтебель у томата прямостоячий или полегающий, ветвящийся, высотой от 30 см до 2 м и более. Листья непарноперистые, рассечённые на крупные доли, иногда картофельного типа. Цветки мелкие, невзрачные, жёлтые различных оттенков, собраны в кисть. Томат — факультативный самоопылитель: в одном цветке имеются мужские и женские органы.<br />\r\n<br />\r\nПлоды — сочные многогнёздные ягоды различной формы (от плоско-округлой до цилиндрической; могут быть мелкими (масса до 50 г), средними (51—100 г) и крупными (свыше 100 г, иногда до 800 г и более). Окраска плодов от бледно-розовой до ярко-красной и малиновой, от белой, светло-зелёной, светло-жёлтой до золотисто-жёлтой.<br />\r\n<br />\r\nСостав плодов томатов<br />\r\n<br />\r\nВид сверху, вертикальный и горизонтальный разрезы<br />\r\nПлоды томата отличаются высокими питательными, вкусовыми и диетическими качествами. Калорийность спелых плодов (энергетическая ценность) — 19 ккал. Они содержат 4,5—8,1 % сухого вещества, в котором половину представляют сахара, в основном глюкоза и фруктоза, а также органические кислоты (3,5—8,5 %), клетчатка (0,87—1,7 %)[6]. Плоды также содержат белки (0,6—1,1 %), пектиновые вещества (до 0,3 %), крахмал (0,07—0,3 %), минеральные вещества (0,6 %)[источник не указан 563 дня]. В плодах томата высокое содержание каротиноидов (фитоен, неуроспорин, ликопин, неаликопин, каротин (0,8—1,2 мг/100 г сырой массы), ликосантин, ликофилл), витаминов (В1, В2, В3, В5), фолиевой и аскорбиновой кислоты (15—45 мг/100 г сырой массы), органических (лимонная, яблочная, щавелевая, винная, янтарная, гликолевая), высокомолекулярных жирных (пальмитиновая, стеариновая, линолевая) и фенолкарбоновых (п-кумаровая, кофейная, феруловая) кислот[источник не указан 563 дня]. В плодах найдены антоцианы, стеарины, тритерпеновые сапонины, абсцизировая кислота[источник не указан 563 дня].<br />\r\n<br />\r\nИмеющийся в томатах холин понижает содержание холестерина в крови, предупреждает жировое перерождение печени, повышает иммунные свойства организма, способствует образованию гемоглобина[источник не указан 1363 дня]. В кожице томатов обнаружен флавоноид нарингенин, обладающий противовоспалительным действием.[7] Содержание микроэлементов в 1 кг плодов: натрий — 40 мг, калий — 2680 мг, кальций — 110 мг, магний — 120 мг, железо — 6 мг, меди — 0,97 мг, фосфор — 270 мг, сера — 140 мг, хлор — 400 мг, марганец — 1,89 мг[6].<br />\r\n<br />\r\nКлассификация<br />\r\nВ настоящее время существует несколько классификаций томатов. В России принята[8] традиционная классификация Брежнева. В традиционной классификации[6] томаты рассматриваются как представители рода Lycopersicon Tourn. В 1964 году советским растениеводом-селекционером Д. Д. Брежневым в роде Lycopersicon было выделено[9] три вида:<br />\r\n<br />\r\nтомат перуанский Lycopersicon peruvianum Brezhnev<br />\r\nтомат волосистый Lycopersicon hirsutum Humb. et Bonpl.<br />\r\nтомат обыкновенный Lycopersicon esculentum Mill.<br />\r\nНаиболее полной классификацией рода Lycopersicon является[8] классификация американского профессора Ч. Рика (C.M.Rick; 1915—2002), описавшего 9 видов томатов:<br />\r\n<br />\r\nLycopersicon cheesmanii,<br />\r\nLycopersicon chilense,<br />\r\nLycopersicon chmielewskii,<br />\r\nLycopersicon esculentum,<br />\r\nLycopersicon hirsutum,<br />\r\nLycopersicon parviflorum,<br />\r\nLycopersicon pennellii,<br />\r\nLycopersicon peruvianum,<br />\r\nLycopersicon pimpinellifolium.<br />\r\nСовременные ботаники, придерживающиеся филогенетического подхода, считают род Lycopersicon парафилетическим, на основании чего томаты приписывают к роду Паслён (Solanum). В связи с таким подходом одни и те же растения имеют синонимичные названия:<br />\r\n<br />\r\nРусское название	Традиционная классификация	Классификация APG II<br />\r\nТомат обыкновенный	Lycopersicon esculentum	Solanum lycopersicum<br />\r\nТомат перуанский	Lycopersicon peruvianum	Solanum peruvianum<br />\r\nТомат смородинный	Lycopersicon esculentum ssp. pimpinellifolium	Solanum pimpinellifolium<br />\r\nНа практике, садоводы продолжают пользоваться традиционными названиями, тогда как в строго ботанической литературе употребляется второй вариант.<br />\r\n<br />\r\nСорта томатов<br />\r\nTomato je.jpg<br />\r\nОсновная статья: Сорта томатов<br />\r\nСорта томата характеризуют по различным критериям:<br />\r\n<br />\r\nПо типу роста куста — детерминированные и индетермированные<br />\r\nПо времени созревания — ранние, среднеспелые, поздние<br />\r\nПо способу употребления — столовые, для консервации, для производства сока и др.<br />\r\nНаиболее распространены сорта нештамбового томата, имеющего тонкие стебли, полегающие под тяжестью плодов, и крупные, слабогофрированные листья; кусты могут быть как карликовыми, так и высокорослыми. Сорта штамбового томата достаточно многочисленны. Стебли у растений толстые, листья среднего размера, с короткими черешками и сближенными долями, сильногофрированные; пасынков образуется мало. Кусты компактные — от карликовых до среднерослых. Выведены полуштамбовые сорта томата, занимающие промежуточное положение между указанными группами. Сортов картофельного типа, получившего название за сходство его листьев с картофельными, очень мало.<br />\r\n<br />\r\nПо типу роста куста сорта томата делятся на детерминированные (слаборослые) и индетермированные (высокорослые). У детерминированных сортов основной стебель и боковые побеги прекращают рост после образования на стебле 2—6, иногда более кистей. Стебель и все побеги заканчиваются цветочной кистью. Пасынки образуются только в нижней части стебля. Куст небольшой или средних размеров (60—180 см). Кроме типично детерминированных выделяют также супердетерминированные сорта, у которых растения прекращают рост после формирования на основном стебле 2—3 кистей (все побеги оканчиваются соцветиями и образуют сильноразветвлённый небольшой куст; вторая волна роста отмечается после созревания большей части плодов; первое соцветие образуется на высоте 7—8-го листа), а также полудетерминированные, растения которых отличаются более сильным, почти неограниченным ростом — формируют на одном стебле 8—10 кистей. У индетермированных сортов томатов рост растений неограничен. Основной стебель заканчивается цветочной кистью (первая кисть образуется над 9—12 листом), а пасынок, растущий из пазухи листа, ближайшего к верхушечной кисти, продолжает рост основного стебля. После образования нескольких листьев пасынок заканчивает свой рост заложением цветочного бутона, а рост растения продолжается за счёт ближайшего пасынка. Так происходит до конца вегетации, которая обычно завершается первым осенним заморозком. Куст высокорослый (2 м и более), но темп цветения и плодообразования ниже, чем у томатов детерминированных сортов, растянутый.', '2021-01-27 00:00:00', NULL, 1, 0, 1),
(192, 'Лев', 'Лев[1] (лат. Panthera leo) — вид хищных млекопитающих, один из пяти представителей рода пантер (Panthera), относящегося к подсемейству больших кошек (Pantherinae) в составе семейства кошачьих (Felidae). Наряду с тигром — самая крупная из ныне живущих кошек, масса некоторых самцов может достигать 250 кг[2]. Трудно сказать достоверно, массивнее ли крупнейшие подвиды льва, чем крупнейшие подвиды тигров. Связано это с тем, что исторические очень крупные веса амурских тигров в большинстве своём признаны недостаточно достоверными[3]. Достаточными данными о размерах и массе представителей крупнейших подвидов льва (например, барбарийском) наука не располагает. Что касается живущих в неволе животных, они часто являют собой смешение разных подвидов. Существует мнение, что львы в неволе несколько превышают тигров в размерах и массе[4], так же как и обратное ему.', 'Исторический ареал льва был значительно шире современного: ещё в Раннем Средневековье лев встречался на всей территории Африки, кроме пустынь и тропических лесов, также его можно было увидеть на Ближнем Востоке, Иране и даже в ряде мест южной Европы (к примеру, он обитал на части территории современного юга России, поднимаясь примерно до 45-й северной параллели). В Северной и Северо-Западной Индии лев был обычным хищником. Однако преследование со стороны человека и разрушение среды обитания привели к тому, что в Африке лев сохранился только к югу от Сахары, его ареал в настоящее время сильно сократился. В Азии небольшая популяция существует в Гирском лесу (в индийском штате Гуджарат).<br />\r\n<br />\r\nДо позднего плейстоцена, около 10 000 лет назад, львы были наиболее широко распространёнными крупными млекопитающими на Земле после человека[5]. Их ископаемые остатки найдены в большей части Африки, на территории Евразии от Западной Европы до Индии и в Северной Америке от Юкона до Перу[6]. Известный по наскальным росписям европейский пещерный лев, был, по-видимому, подвидом современного льва.<br />\r\n<br />\r\nВнешний вид льва очень своеобразен. Это один из немногих хищников с ярко выраженным половым диморфизмом. Самцы не только значительно крупнее самок, но и обладают гривой, которая у некоторых подвидов достигает большого развития и покрывает плечи, часть спины и грудь. Окраска льва жёлто-серая с различными оттенками, грива часто того же цвета, что и шкура, но бывает тёмная, даже чёрная. Подвиды льва определяются в значительной степени по цвету гривы. За исключением гривы, шерсть на теле зверя короткая, лишь на конце хвоста есть кисточка длинных волос.<br />\r\n<br />\r\nЛьвы населяют в основном саванны, но иногда могут перебираться в кустарниковую местность или лес. В отличие от других кошачьих, они живут не поодиночке, а в особых семейных группах — прайдах. Прайд обычно состоит из родственных самок, потомства и нескольких взрослых самцов. Самки охотятся вместе, в большинстве случаев на крупных копытных. Львы не охотятся на людей целенаправленно, но случаи людоедства наблюдаются очень часто. Львы — сверххищники, то есть занимают верхнее положение в пищевой цепи.<br />\r\n<br />\r\nВ природе львы живут от десяти до четырнадцати лет, в неволе могут жить дольше двадцати лет. Самцы, как правило, редко проживают больше десяти лет. Происходит это потому, что драки с другими львами сильно снижают продолжительность их жизни[7].<br />\r\n<br />\r\nЛьвы относятся к уязвимым видам вследствие необратимого сокращения численности их популяции. За два последних десятилетия численность львов в Африке сократилась на 30—50 %[8]. Популяции особенно уязвимы за пределами охраняемых территорий. Причина снижения численности окончательно не изучена, однако наибольшие угрозы — потеря среды обитания и конфликты с человеком. Львы содержались в зверинцах ещё со времён Римской империи. Зоопарки всего мира сотрудничают в программе разведения вымирающего азиатского подвида.<br />\r\n<br />\r\nЛев занимает одно из главных мест в человеческой культуре. Изображения этих животных известны со времён палеолита, о чём свидетельствуют наскальные рисунки в пещерах Ласко и Шове. Львы были популярны в культуре в античные времена и в Средневековье, они нашли своё отображение в скульптуре, живописи, на национальных флагах, гербах, в мифах, литературе и фильмах.<br />\r\n<br />\r\n<br />\r\nСодержание<br />\r\n1	Этимология<br />\r\n2	Систематика и эволюция<br />\r\n2.1	Подвиды<br />\r\n2.1.1	Современные<br />\r\n2.1.2	Плейстоценовые<br />\r\n2.1.3	Сомнительные подвиды<br />\r\n2.2	Гибриды<br />\r\n3	Описание<br />\r\n3.1	Грива<br />\r\n3.2	Белые львы<br />\r\n4	Биология и поведение<br />\r\n4.1	Социальная организация<br />\r\n4.2	Охота и питание<br />\r\n4.3	Размножение и жизненный цикл<br />\r\n4.4	Естественные враги, болезни и паразиты<br />\r\n4.5	Общение<br />\r\n4.6	Отношения с другими хищниками<br />\r\n5	Ареал и места обитания<br />\r\n6	Численность популяции и охрана<br />\r\n6.1	Людоеды<br />\r\n6.2	Содержание в неволе<br />\r\n7	Образ льва в культуре<br />\r\n7.1	Лев в символике<br />\r\n7.2	Лев в архитектуре<br />\r\n7.2.1	Крылатые львы<br />\r\n7.3	Лев в мифологии и религии<br />\r\n7.3.1	Мифические существа с частями тела львов<br />\r\n7.4	Лев в изобразительном искусстве<br />\r\n7.5	Лев в иконописи<br />\r\n7.6	Лев в литературе и кинематографе<br />\r\n7.7	В современной культуре<br />\r\n8	См. также<br />\r\n9	Примечания<br />\r\n10	Литература<br />\r\n11	Ссылки<br />\r\nЭтимология<br />\r\nНазвание льва, созвучное во многих европейских языках, происходит от лат. leo[9] и др.-греч. λέων[10], заимствованного из неизвестного источника[11]. Первое научное описание льва появилось в работе Карла Линнея «Система природы». В исследовании автор обозначил хищника как «Felis leo»[12]. Научное название рода Panthera происходит от др.-греч. πάνθηρ — заимствования из какого-то восточного языка, ср. санскр. पुण्डरीकः (puṇḍárīkaḥ IAST) «тигр»[13][14].<br />\r\n<br />\r\nСистематика и эволюция<br />\r\nЛев относится к роду Panthera, к которому помимо него принадлежат тигр, ягуар и леопард. Данный вид изначально эволюционировал в Африке около 800 000 — 1 млн лет назад, после чего распространился по всей территории Голарктики. В Европе наиболее ранние ископаемые остатки этого хищника, чей возраст оценивается в 700 000 лет, были обнаружены в районе города Изерния в Италии и классифицированы как подвид Panthera leo fossilis. Около 300 000 лет назад по всей Европе и в Сибири обитал более крупный пещерный лев (Panthera leo spelaea). В верхнем плейстоцене, по перешейку, соединявшему Чукотку и Аляску, львы проникли на территорию Северной и Южной Америки, где позднее эволюционировали в подвид американский лев (Panthera leo atrox)[15], который вымер в ходе последнего оледенения около 10 000 лет назад[16]. Вторичным обстоятельством также может быть вымирание мегафауны плейстоцена[17].<br />\r\n<br />\r\nПредполагаемая филогения льва и его основных подвидов<br />\r\nпо McKenna & Bell, 1997 и Nowak, 1991[18]<br />\r\n Pantherinae 	<br />\r\n Neofelis 	<br />\r\n<br />\r\nN. diardi<br />\r\n<br />\r\n<br />\r\n<br />\r\nN. nebulosa<br />\r\n<br />\r\n<br />\r\n<br />\r\n Panthera 	<br />\r\n<br />\r\n†P. combaszoe<br />\r\n<br />\r\n<br />\r\n<br />\r\n†P. (Viretailurus) schaubi<br />\r\n<br />\r\n<br />\r\n<br />\r\nP. (Uncia) uncia [Uncia uncia]<br />\r\n<br />\r\n<br />\r\n<br />\r\n P. (Panthera) 	<br />\r\n<br />\r\n†P. (?P.) crassidens<br />\r\n<br />\r\n<br />\r\n P. (P.) pardus 	<br />\r\n<br />\r\nP. (P.) p. pardus<br />\r\n<br />\r\n<br />\r\n<br />\r\n<br />\r\n<br />\r\n P. (Leo) leo 	<br />\r\n<br />\r\n†P. (L.) l. spelaea<br />\r\n<br />\r\n<br />\r\n<br />\r\n†P. (L.) l. atrox<br />\r\n<br />\r\n<br />\r\n<br />\r\nP. (L.) l. leo<br />\r\n<br />\r\n<br />\r\n<br />\r\nP. (L.) l. bleyenberghi<br />\r\n<br />\r\n<br />\r\n<br />\r\nP. (L.) l. krugeri<br />\r\n<br />\r\n<br />\r\n<br />\r\nP. (L.) l. massaicus<br />\r\n<br />\r\n<br />\r\n<br />\r\nP. (L.) l. melanochaitus<br />\r\n<br />\r\n<br />\r\n<br />\r\nP. (L.) l. persica<br />\r\n<br />\r\n<br />\r\n<br />\r\nP. (L.) l. senegalensis<br />\r\n<br />\r\n<br />\r\n<br />\r\n<br />\r\n<br />\r\n P. (Tigris) tigris 	<br />\r\n<br />\r\n†P. (T.) t. virgata<br />\r\n<br />\r\n<br />\r\n<br />\r\nP. (T.) t. tigris<br />\r\n<br />\r\n<br />\r\n<br />\r\n<br />\r\n<br />\r\n<br />\r\n<br />\r\n<br />\r\n<br />\r\nMale Lion on Rock.jpg<br />\r\nПодвиды<br />\r\nВ ранних классификациях традиционно выделялось 12 подвидов льва, крупнейшим из которых был барбарийский лев[19]. При этом основными отличительными признаками животных считались различия в общих размерах и внешнем виде гривы. Однако, поскольку разница в данных характеристиках весьма незначительна, а в пределах ареала каждого подвида отмечена индивидуальная изменчивость, в последние годы авторы считают часть данных подвидов недействительными[20]. В настоящее время чаще всего принято выделять только 8 подвидов[16][21], один из которых, капский лев (ранее описанный как Panthera leo melanochaita), возможно, на самом деле не отдельный вид[21]. Митохондриальная изменчивость у львов, обитающих в Африке, слишком низкая, что позволяет всех особей, живущих к югу от Сахары, считать одним подвидом, который, в свою очередь, можно разделить на две клады: в первую входят львы, обитающие к западу от Великой рифтовой долины, а во вторую — обитающие к востоку от неё. Львы из района Цаво в восточной Кении по генетическому сходству находятся гораздо ближе ко львам из Трансвааля (регион в Южной Африке), чем ко львам из Абердэра в западной Кении[22][23].<br />\r\n<br />\r\nСовременные<br />\r\nСовременными (в эпоху голоцена) считаются 8 подвидов льва:<br />\r\n<br />\r\nPanthera leo persica — азиатский, персидский или индийский лев. Ранее был широко распространён по всей Турции, Юго-Западной Азии, Пакистану, Индии и в Бангладеш. Дневной образ жизни и большие прайды сделали азиатского льва удобной мишенью для браконьеров. Сохранился хищник только в Гирском лесу в Индии. Численность популяции составляет около 300 особей[24].<br />\r\nPanthera leo leo — берберийский лев, вымерший в дикой природе[8] вследствие чрезмерной охоты, хотя отдельные особи, возможно, выжили в неволе. Один из самых крупных подвидов — у самцов длина тела достигала 3—3,3 м, а масса — более 200 кг. Берберийские львы были распространены на территории от Марокко до Египта. Последний дикий берберийский лев был убит в Марокко в 1922 году[25].<br />\r\nPanthera leo senegalensis — сенегальский или западноафриканский лев. Распространён в Западной Африке, от Сенегала до Нигерии.<br />\r\nPanthera leo azandica — североконголезский лев. Распространён в северо-восточной части Демократической Республики Конго.<br />\r\nPanthera leo nubica — восточноафриканский или масайский лев. Ареал охватывает Восточную Африку, от Эфиопии и Кении до Танзании и Мозамбика.<br />\r\nPanthera leo bleyenberghi — юго-западный африканский, или катангский лев. Распространён в Юго-Западной Африке — Намибии, Ботсване, Анголе, Заире, Замбии и Зимбабве.<br />\r\nPanthera leo krugeri — юго-восточный африканский или трансваальский лев. Область распространения охватывает Трансваальский регион Южноафриканской республики, включая национальный парк Крюгер.<br />\r\nPanthera leo melanochaita — капский лев. Вымерший в дикой природе подвид. Исчез в 1860-е годы. По результатам исследований митохондриальной ДНК его иногда не выделяют в отдельный подвид. Предполагается, что капский лев был частью южной популяции трансваальского льва[21].<br />\r\nПлейстоценовые<br />\r\n<br />\r\nАмериканский пещерный лев<br />\r\nPanthera leo atrox — американский пещерный лев. Был распространён в Северной Америке от Канады до Перу в эпоху плейстоцена. Вымер 10 000 лет назад. Иногда американского и пещерного львов считают отдельными видами, но последние филогенетические исследования показывают, что обе формы — подвиды льва[16][26]. Был одним из крупнейших подвидов льва — длина тела составляла 1,6 — 2,5 м[27], а вероятная масса тела до 250—300 кг[28]. Его отличительными чертами были: крупная голова с заметными баками, плотное сложение туловища, мощные ноги и длинный хвост (скорее всего — без кисти на конце). Наличие гривы сомнительно[28].<br />\r\nPanthera leo fossilis — известен как мосбахский лев. Обитал 500 000 лет назад, окаменелости этого животного найдены в Германии и Италии. По размерам был сходен с американским львом[16][29].<br />\r\nPanthera leo spelaea — известен как пещерный, европейский пещерный и евразийский пещерный лев. Был распространён в Евразии 300 000—10 000 лет назад[16]. Этот подвид известен по наскальным рисункам времён палеолита, изображениям на слоновой кости и глиняным фигуркам[30]. Сохранившиеся изображения позволяют установить, что у пещерного льва были оттопыренные уши, хвост с кисточкой, возможно, небольшие «тигровые» полосы. Самцы имели слабо выраженную гриву вокруг шеи[31].<br />\r\nСомнительные подвиды<br />\r\nPanthera leo sinhaleyus — шри-ланкийский лев. Вымер приблизительно 39 000 лет назад. Известен лишь по ископаемым остаткам двух зубов, найденных в городе Курувита на Шри-Ланке. Основываясь на этой находке, Поль Пиерис в 1939 году объявил о существовании этого подвида в прошлом[32].<br />\r\nPanthera leo europaea — европейский лев. Возможно, был идентичен с азиатским и пещерным львами; ранг подвида не подтверждён. Вымер около 100 года из-за чрезмерного преследования со стороны человека. Был распространён на Балканах (Немейский лев), юге Франции и Пиренейском полуострове. Был популярным предметом охоты среди греков и римлян.<br />\r\nPanthera leo youngi, или Panthera youngi — китайский пещерный лев. Обитал 350 000 лет назад[6] на северо-востоке Китая. Его отношение к современным подвидам не доказано, вероятно, он представляет собой отдельный вид.<br />\r\nPanthera leo maculatus — пятнистый лев, или марози. По слухам, распространённым среди местных жителей, этот подвид обитает на Абердарском хребте, от восточноафриканского льва отличается меньшими размерами и пятнистой шкурой. Для поиска марози в тот район была отправлена экспедиция, нашедшая следы, принадлежавшие какому-то хищнику, однако это животное не удалось ни отловить, ни сфотографировать[33][34].', '2021-01-27 00:00:00', NULL, 0, 0, 0);
INSERT INTO `posts` (`id`, `name`, `description`, `text`, `date_of_create`, `date_of_last_edit`, `likes`, `dislikes`, `views`) VALUES
(193, 'Слоновые', 'Слоно́вые[1][2][3][4], или слоны́[1] (лат. Elephantidae), — семейство класса млекопитающих из отряда хоботных. В настоящее время к этому семейству относятся 3 ныне живущих вида. Африканские саванные слоны — наиболее крупные наземные млекопитающие.', 'Классификация<br />\r\n<br />\r\nФизиологические различия между африканским слоном (Loxodonta, слева) и азиатским слоном (Elephas maximus, справа):<br />\r\n1. Размер ушей;<br />\r\n2. Форма лба;<br />\r\n3. Только у некоторых азиатских слонов есть бивни;<br />\r\n4. Количество «колец» хобота;<br />\r\n5. Количество ногтей;<br />\r\n6. Длина хвоста;<br />\r\n7. Спина африканского слона опускается вниз, а у азиатского слона она выгибается вверх.<br />\r\nВ семействе слоновых три[5] (ранее выделялось только два[6]) современных вида слонов, относящихся к двум родам, и несколько древних вымерших родов[7][8]:<br />\r\n<br />\r\nLoxodonta — Африканские слоны<br />\r\nLoxodonta africana — Саванный слон<br />\r\nLoxodonta cyclotis — Лесной слон<br />\r\nLoxodonta creutzburgi — Карликовый слон †<br />\r\nElephas — Индийские слоны<br />\r\nElephas maximus — Азиатский слон<br />\r\nElephas beyeri †<br />\r\nElephas chaniensis †<br />\r\nElephas creticus †<br />\r\nElephas cypriotes — Кипрский карликовый слон †<br />\r\nElephas falconeri — Сицилийский карликовый слон †<br />\r\nElephas melitensis †<br />\r\nElephas moghrebiensis †<br />\r\nElephas nawataensis †<br />\r\nElephas priscus †<br />\r\n† Mammuthus — Мамонты, вымерли в конце ледникового периода около 10 000 лет назад.<br />\r\nMammuthus columbi — Мамонт Колумба †<br />\r\nMammuthus exilis — Карликовый мамонт †<br />\r\nMammuthus hayi †<br />\r\nMammuthus imperator — Императорский мамонт †<br />\r\nMammuthus lamarmorae †<br />\r\nMammuthus meridionalis — Южный мамонт, или Южный слон †<br />\r\nMammuthus primigenius — Шерстистый мамонт †<br />\r\nMammuthus trogontherii — Степной мамонт †<br />\r\nPrimelephas †<br />\r\nPrimelephas korotorensis †<br />\r\nStegodibelodon †<br />\r\nStegodibelodon schneideri †<br />\r\nStegodon — Стегодоны †<br />\r\nStegodon florensis †<br />\r\nStegodon kaisensis †<br />\r\nStegodon luzonensis †<br />\r\nStegodon mindanensis †<br />\r\nStegodon sompoensis †<br />\r\nStegodon sondaari †<br />\r\nStegodon sumbaensis †<br />\r\nStegodon syrticus †<br />\r\nStegodon trigonocephalus †<br />\r\nStegolophodon †<br />\r\nStegolophodon sahabianus †<br />\r\nStegotetrabelodon †<br />\r\nStegotetrabelodon lybicus †<br />\r\nStegotetrabelodon orbus †<br />\r\nStegotetrabelodon syrticus †<br />\r\nParatetralophodon †<br />\r\nPalaeoloxodon — Прямобивневые слоны †<br />\r\nPalaeoloxodon antiquus — Прямобивневый лесной слон †<br />\r\nPalaeoloxodon mnaidriensis †<br />\r\nPalaeoloxodon naumanni †<br />\r\nPalaeoloxodon recki †<br />\r\nPalaeoloxodon tokunagai †<br />\r\nИскопаемые слоновые известны с раннего миоцена[7].<br />\r\n<br />\r\nСовременные виды слонов<br />\r\nОписание<br />\r\n<br />\r\nАзиатские (индийские) слоны (Elephas maximus) в Московском зоопарке<br />\r\nСлоны — самые крупные наземные животные на Земле. Обитают они в Юго-Восточной Азии и Африке в тропических лесах и саваннах.<br />\r\n<br />\r\nВ центре стопы слона есть жировая подушка, которая каждый раз, когда слон опускает ногу, «расплющивается», увеличивая площадь опоры. На верхней челюсти у слонов есть бивни — видоизменённые резцы, растущие в течение всей жизни животного. Обычно слоны либо имеют два бивня, либо не имеют их вообще (у африканских слонов бивни имеют и самцы и самки, у индийских — только самцы). С помощью бивней они обдирают кору с деревьев и рыхлят землю в поисках соли, а также наносят раны хищникам.<br />\r\n<br />\r\nЧтобы защититься от паразитов, слоны нередко обливаются жидкой грязью. Засохшая грязевая корочка служит хорошей защитой от насекомых и способствует заживлению ранок на коже.<br />\r\n<br />\r\nХарактерным органом слона является хобот, образованный из носа и верхней губы и заканчивающийся одним или двумя отростками. Расположенные на конце хобота ноздри служат органом обоняния; хобот служит органом хватания, позволяя слону подбирать мелкие предметы с земли и срывать плоды с высоко расположенных веток; при питье слон набирает воду в хобот, а затем выливает в рот. Также с помощью хобота слон может в сильную жару устроить себе душ, окатив себя водой, пылью или той же грязью.<br />\r\n<br />\r\nСлоны очень любят воду и часто скапливаются возле водоёмов, где утоляют жажду и принимают ванны. Они хорошо плавают, почти полностью погружаясь под воду, выставив на поверхность хобот. Во время засухи пустынные слоны в заповеднике Этоша могут обходиться без воды до 5 дней, а также способны находить места, где вода находится неглубоко от поверхности земли (зачастую проходя для этого десятки километров), и выкапывать там своеобразные колодцы, которыми, помимо них, пользуются и другие животные, страдающие от жажды[9].<br />\r\n<br />\r\nНа слонов нелегально охотятся из-за их бивней, используемых в украшениях и поделках (международная продажа слоновой кости запрещена с 1989 года соглашением CITES)[10]. Для предотвращения полного уничтожения, слоны были занесены в Международную Красную книгу. В ряде африканских стран, где популяция слонов достаточно высокая, разрешена дорогостоящая трофейная охота-сафари на слона, по лицензиям в охотничьих заказниках[11][12]. Вырученные средства направляются на финансирование охраны парков и заповедников, мясо убитых слонов употребляется в пищу. Ошибочно считалось, что в африканских саваннах и джунглях не находят бивней умерших слонов. Возникла даже легенда, будто слоны уходят умирать на таинственные и неприступные слоновьи кладбища. Однако западногерманский зоолог и исследователь африканских животных Бернгард Гржимек опроверг этот миф[13]. Начиная с колониального периода бивни убитых или умерших слонов сразу же выламывались местным населением для продажи европейцам, что и послужило поводом для легенд об отсутствии бивней у умерших слонов[13]. Охота на слонов ради получения бивней привела к тому, что слоны, не имеющие бивней, получили преимущество в размножении, на данный момент в Африке обитают более 700 особей с мутацией гена wnt10a и не имеющих бивни (все — самки)[14].<br />\r\n<br />\r\nВопреки распространённому мнению, у слона всего две коленные чашечки, и слоны не умеют прыгать[15].<br />\r\n<br />\r\n<br />\r\nРасправленные уши саванного слона. Видны кровеносные сосуды<br />\r\nУши современных слоновых имеют толстые основания и тонкие края. Ушные раковины пронизаны многочисленными кровеносными сосудами — капиллярами. Кровь, поступающая в капилляры, отдаёт тепло в окружающую среду, создавая тем самым механизм терморегуляции. Большая площадь поверхности ушных раковин позволяет слонам эффективно избавляться от избытка тепла. Помахивание ушами увеличивает эффект охлаждения. Африканские слоны, живущие в более жарком климате, чем индийские, обладают, соответственно, более крупными ушными раковинами[16].<br />\r\n<br />\r\nСлоновые хорошо слышат в области низких частот, вплоть до инфразвука, но наибольшая чувствительность их слуха на частоте около 1 кГц[17]. Слоны обладают музыкальным слухом и музыкальной памятью, способны различать мелодии из трёх нот, музыку на скрипке и низкие звуки баса и рога предпочитают высоким флейтовым мелодиям[18].<br />\r\n<br />\r\nТакже, вопреки распространённому заблуждению, слоны абсолютно не боятся мышей и других мелких животных.[19]<br />\r\n<br />\r\nСлоны — социальные животные. Обычно они образуют группы из самок и детёнышей, возглавляемых старой и опытной самкой. Самцы образуют отдельные стада. Взрослый самец может временно присоединяться к стаду с самками, в котором есть хотя бы одна самка, готовая к зачатию. За это время в драках за неё определяется самый сильный самец.<br />\r\n<br />\r\nКоммуникация<br />\r\n<br />\r\nАзиатские слоны приветствуют друг друга<br />\r\nТактильный контакт — важный аспект коммуникации среди слоновых. Особи приветствуют друг друга, поглаживая или обхватывая свои хоботы. Последний жест встречается также в ситуациях лёгкого соперничества. Старшие особи наказывают младших ударами хобота, ног, или толкают их. Особи всех полов и возрастов дотрагиваются до ртов, височных желёз и гениталий друг друга при встрече или в состоянии возбуждения, что позволяет им воспринять сигналы, основанные на химических выделениях. Тактильный контакт особенно важен в общении слонихи и слонёнка. При движении мать постоянно трогает детёныша хоботом, ногами или хвостом, в зависимости от того, находится ли детёныш перед ней, рядом или за ней. Слонёнок, которому требуется отдых, прижимается к передним ногам матери, а если он хочет есть, то будет трогать её вымя или ноги[20].<br />\r\n<br />\r\nЗрительная коммуникация у слоновых в основном предполагает агрессию. Слоны стараются казаться более угрожающими, подымая голову и расправляя уши. К этому по необходимости могут быть добавлены качания головы, хлопанье ушами и швыряние земли и растительности. Возбуждённые слоны поднимают хобот вверх. Особи, готовые подчиниться, опускают голову и хобот, а уши поджимают к шее, а те, кто принимает вызов, вытягивают уши[21].<br />\r\n<br />\r\nСлоновые издают различные звуки, в основном через гортань, хотя некоторые могут быть модифицированы хоботом. Наиболее известным слоновьим звуком является трубление. Слоновые трубят в состоянии возбуждения, страдания и угрозы[22]. Сражающиеся слоны ревут и визжат, раненные тоже ревут, но иначе[23]. При некотором возбуждении слоновые издают характерный рокот[24], который по своей тональности уходит в инфразвук[25]. Особую важность инфразвуковые позывы приобретают при коммуникации на больших расстояниях[22]. Индийские слоны способны издавать звуки частотой 14—24 Гц, с силой звука в 85—90 дБ на протяжении 10—15 секунд[25]. Африканские же слоны способны издавать звуки частотой 15—35 Гц, с силой до 117 дБ, которые разносятся на многие километры (возможно, до 10 км)[26].<br />\r\n<br />\r\nФайл:Loxodonta africana oral rumble visualized with acoustic camera (25fps) - pone.0048907.s003.ogv<br />\r\nВизуальное отображение рокота саванного слона, выполненное акустической камерой<br />\r\nВ национальном парке Амбосели (Кения, Африка), где проводились исследования методов коммуникации слонов, было идентифицировано много разных типов инфразвуковых сигналов. Члены семейной группы издают приветственный рокот после разлуки в несколько часов. Позывные особи, разлучённой со своей группой, звучат как тихие немодулированные звуки. Ответный позыв членов группы начинается громко и постепенно стихает. Тихий рокот слонихи — матриарха стада может означать сигнал «идём», предназначенный остальным особям, так как пришло время перебраться на новую точку. Самцы в состоянии муста издают особенный низкочастотный пульсирующий рокот. Этот рокот может быть отвечен также низкочастотным хором самок. Громкий звук издаёт течная самка после спаривания, а члены её семейной группы отвечают ей (т. н. «mating pandemonium»)[24].<br />\r\n<br />\r\nСлоновые используют т. н. сейсмическую коммуникацию — вибрации, вызываемые ударами о землю, и звуковые волны, проходящие через неё. Предположительно сейсмические сигналы проходят в среднее ухо слона через кости передних конечностей. Прислушиваясь к сейсмическим сигналам, слоновые переносят вес на передние ноги и на какое-то время замирают. У слоновых можно обнаружить несколько адаптаций под сейсмическую коммуникацию, в том числе в строении подушечек ступней и устройстве слухового канала[27]. Слоны используют этот метод коммуникации в нескольких целях. Бегущая или имитирующая бег особь может создавать вибрации, которые можно уловить на больших расстояниях[28]. Уловив сейсмический сигнал тревоги, что может означать приближение хищника, слоны становятся в защитную стойку, а семейные группы собираются вместе. Сейсмические волны, вызванные движением, распространяются на расстояние более чем 30 км[29].<br />\r\n<br />\r\nУровень интеллекта<br />\r\nОсновная статья: Интеллект слонов<br />\r\nСлоновые могут опознавать себя в зеркальном отражении, что считается признаком самосознания, которое также было продемонстрировано у некоторых обезьян и дельфинов[30]. Одно исследование, проведённое на самке индийского слона, выращенной в неволе, показало, что эти животные способны запоминать и различать многие визуальные и некоторые звуковые пары. Повторное тестирование год спустя вновь показало высокие результаты, что указывает на развитую память[31]. Слоновые относятся к немногим видам животных, применяющих инструменты. Одно наблюдение за индийским слоном показало использование им веток в качестве мухобоек[32]. Тем не менее, в своей способности создавать инструменты слоны уступают шимпанзе. На наличие хорошей памяти у слонов указывает их способность отслеживать местонахождение членов своей семейной группы[33]. Исследователи не пришли до сих пор к единому мнению, насколько слоновые способны испытывать эмоции. Наблюдения указывают на наличие определённого ритуала, связанного со смертью. Кроме того, слоны проявляют интерес к черепам и бивням своего вида, вне связи со степенью родства[34]. К умирающему или мёртвому слону проявляется повышенное внимание особей его и не только его семейной группы[35].<br />\r\n<br />\r\nПитание<br />\r\n<br />\r\nСаванный слон ест траву, Национальный парк Крюгера<br />\r\nВ естественных условиях рацион питания слонов напрямую зависит от региона их обитания. Слоны, живущие на юге Индии, к примеру, любят жевать листву фикуса, слоны же, обитающие в Зимбабве, потребляют совсем другие растения. Источник пищи слонов меняется также в зависимости от сезонов засухи или дождей. Вообще же в рацион этих животных входят листья, кора и плоды различных деревьев, трава, которая удовлетворяет их потребность в минералах.<br />\r\n<br />\r\nДля перемалывания пищи при жевании слонам служат коренные зубы, расположенные во рту на обеих челюстях. Однако, в отличие от бивней, они не отличаются долговечностью и с возрастом постепенно стираются и выпадают, уступая место новым. Всего в течение жизни у слонов сменяется шесть комплектов коренных зубов. Когда старые слоны лишаются последних зубов, они обычно направляются к берегам водоёмов или в заболоченные районы, где есть мягкая растительность, не требующая тщательного пережёвывания. Однако в конечном итоге, когда и такое питание становится невозможным, они слабеют и умирают от истощения.<br />\r\n<br />\r\nОсновной пищей для слонов в неволе служат трава и сено. Любимым лакомством слонов служат различные сладкие плоды, такие как яблоки и бананы. Из овощей слоны любят морковь. Также большой популярностью пользуются печенье и хлеб. Слоны, как и люди, любят конфеты различных сортов. И, так же как у людей, у слонов есть риск переедания сладкого. Как следствие, у животного появляются проблемы со здоровьем. Слон толстеет, его поведение становится неестественным: животное ходит вдоль ограды пошатываясь, ожидая прихода посетителей с долгожданными конфетами. Также отмечено, что слон, наевшийся перезревших и забродивших фруктов, может опьянеть.<br />\r\n<br />\r\nЗа один день слон потребляет около 300 кг листьев и травы, содержащих высокий процент влаги. Это касается слонов, живущих на свободе. В неволе взрослый слон съедает около 30 кг сена, 10 кг овощей, 10 кг хлеба. В зависимости от температуры воздуха слон выпивает от 100 до 300 литров воды за один день[36].<br />\r\n<br />\r\nВзаимодействие с человеком<br />\r\n<br />\r\nПогрузка слона на корабль. Римская мозаика из Вилла дель-Касале близ Пьяцца-Армерина (Сицилия). IV в. н. э.<br />\r\n<br />\r\nАзиатские слоны в загоне и человек<br />\r\nПриручение<br />\r\nИндийские слоны хорошо приручаются, в то время как африканских слонов приручить удаётся редко (например, на станции по приручению слонов в Гангала-на-Бодио[en], Национальный парк Гарамба, Демократическая Республика Конго, созданной в начале XX века и существовавшей до 1970-х годов)[37][38]. Слонов используют как транспортное средство в труднопроходимой местности, на хозяйственных, лесозаготовочных, погрузочных работах, в фотоохоте (туристическое сафари) на тигров и леопардов (на их спинах располагаются погонщики и туристы), а также в цирке. Несмотря на возможность дрессировки, зарегистрированы случаи нападения слона на человека: в США цирковая слониха Топси была приговорена к смерти за убийство троих человек, а 13 сентября 1916 года в штате Теннесси слониху по имени Мэри, задавившую нескольких человек, казнили без суда через повешение.<br />\r\n<br />\r\nСлоны на войне<br />\r\nОсновная статья: Боевые слоны<br />\r\nСлоны были приручены и стали использоваться в военных целях впервые в Индии (широко известен факт столкновения войска Александра Македонского с боевыми слонами именно там). Позднее слоны применялись как в войске Александра, так и в эллинистических государствах. Стоит заметить, что в бою слоны эффективны преимущественно в качестве устрашения противника, незнакомого со слонами, поскольку противник, хорошо знакомый с ними, мог эффективно им противодействовать. К тому же слоны в пылу битвы порой переставали различать своих и чужих.<br />\r\n<br />\r\nКазнь слонами<br />\r\nОсновная статья: Казнь слонами<br />\r\nНа протяжении тысяч лет слоны использовались в качестве орудия казни и пыток в странах Южной и Юго-Восточной Азии и особенно в Индии.<br />\r\n<br />\r\nГоворящие слоны<br />\r\nОсновные статьи: Батыр (слон) и Кхосик<br />\r\nНекоторым слонам приписывают способность к подражанию человеческой речи.<br />\r\n<br />\r\nОхота на слонов<br />\r\nПо описанию Бернгарда Гржимека, пигмеи Конго, охотники-собиратели, еще недавно практиковали очень опасную охоту на слона в одиночку, без использования огнестрельного оружия. Охотник, с коротким зазубренным копьем, к которому на прочной веревке был привязан толстый сук дерева, старался подкрасться к слону поближе в зарослях и метал копьё слону в брюхо. Слон бросался бежать, сук на веревке застревал в зарослях и копьё раздирало слону брюхо, нанося ему смертельные раны[13].<br />\r\n<br />\r\nСовременная очень дорогостоящая охота-сафари на слона в охотничьих заказниках Африки, не представляет никакой сложности или опасности даже для начинающего охотника, так как проходит под контролем профессиональных охотников, всегда готовых подстраховать богатого клиента и застрелить раненого слона из крупнокалиберного ружья[11]. Куда большую угрозу представляют насекомые - разносчики паразитов-трипаносом, тропической лихорадки и малярии.<br />\r\n<br />\r\nЭтимология слова «слон»<br />\r\nСлово слон восходит к праславянской форме *slonъ, происхождение которой не установлено[39]. Некоторые учёные считают, что слово «слон» тюркского происхождения[39][40]. Подробнее об этимологии слова см. статью в Викисловаре.<br />\r\n<br />\r\nОбраз слона в культуре<br />\r\nВ русском языке слон ассоциируется с большим размером и заметностью (делать из мухи слона, слона-то я и не приметил), неуклюжестью (слон в посудной лавке), большим весом (топаешь как слон), силой, уверенностью в себе, неуязвимостью (как слону дробина, толстокожий как слон), приятностью и полезностью (раздача слонов), иностранным происхождением («Россия — родина слонов»)[41].<br />\r\n<br />\r\nЛоготипы напитков и других товаров<br />\r\nСлон изображён на логотипе Московской чайной фабрики[42].<br />\r\nЛоготипом кофе «Гиндукуш» является слон.<br />\r\nИндийский чай со слоном[43].<br />\r\nЧай со слоном (Williamson Tea)[44].<br />\r\nЧай «Три слона».<br />\r\nАвтомобиль Bugatti Royale Type 41 украшала фигурка слона на пробке радиатора[45].<br />\r\n<br />\r\nФлаг Сиама в 1855—1916 годах<br />\r\nВ геральдике<br />\r\nГерб Гвинеи в 1958—1984 годах.<br />\r\nГерб Республики Конго[46].<br />\r\nГерб Кот-д’Ивуара (название страны в переводе с французского языка означает «берег слоновой кости»)[47].<br />\r\nГерб Центральноафриканской Республики.<br />\r\nГерб Эсватини[48].<br />\r\nПечать и флаг Бангкока[49].<br />\r\nГерб Кобринского сельского поселения[50].<br />\r\nГерб города Ковентри[51].<br />\r\nГерб г. Среднеколымск (Якутия) (в 1967—2006 годах)[52].<br />\r\nФлаг белого слона — флаг Сиама (Таиланд) в 1855—1916 годах с изображением белого слона (королевский символ) на красном фоне[53][54].<br />\r\nФамильный герб Абрама Петровича Ганнибала, прадеда А. С. Пушкина по материнской линии, и основанного им рода[55].<br />\r\nСимволом махачкалинской гимназии «Сахаб» является слон[56].<br />\r\nВ бонистике<br />\r\nСлон изображали на банкнотах страны:<br />\r\n<br />\r\nВьетнам: 1000 донгов.<br />\r\nДжибути: 100 франков.<br />\r\nЗамбия: 200 и 500 квачей.<br />\r\nЗимбабве: 20, 500 и 50000000000000 долларов.<br />\r\nИндия: 10 рупий.<br />\r\nКамерун: 1000 франков.<br />\r\nКонго: 5 и 100 франков.<br />\r\nЛаос: 1000 кипов.<br />\r\nМалави: 200 квачей.<br />\r\nМьянма: 200 и 5000 кьятов.<br />\r\nСудан: 50 франков.<br />\r\nСудан: 50 пиастров.<br />\r\nТанзания: 10000 шиллингов.<br />\r\nЦентрально-Африканская Республика: 1000 франков.<br />\r\nШри-Ланка: 1000 рупий.<br />\r\nЭфиопия: 100 талеров.<br />\r\nЮАР: 20 рандов[57].<br />\r\nВ нумизматике<br />\r\nНа монетах изображали слонов следующие страны:<br />\r\n<br />\r\nАвстралия: 1 доллар[58].<br />\r\nБенин: 1000 франков КФА (2014 год, серебро)[59].<br />\r\nБельгийское Конго: 1 франк КФА (1943 год), 2 франка (1943 год), 5 франков (1947 год).<br />\r\nГабон: 1000 франков КФА (2013, серебро)[60].<br />\r\nГана: 100 седи (2013, серебро)[61].<br />\r\nИспания: 10 евро (2011, серебро)[62][63]<br />\r\nИталия: 50 евро (2014, золото)[64].<br />\r\nКанада: 5 и 20 долларов (2014, серебро)[65].<br />\r\nКитай: 10000 юаней (2014, золото)[66]. Одна монета весит 1 кг.<br />\r\nМалави: 20 квачей (2011, серебро)[67].<br />\r\nНиуэ: 1 доллар (2011 год, серебро)[68], 1 доллар (2012, серебро)[69].<br />\r\nПалау: 5 долларов (2013, серебро)[70]<br />\r\nРеспублика Конго: 1000 франков КФА (2010, серебро)[71].<br />\r\nРоссийская Федерация: 100 рублей (1992, золото)[72].<br />\r\nРуанда: 1000 франков КФА (2007, серебро+золото)[73].<br />\r\nСомали: 50 шиллингов (2013 год, биметалл)[74], 100 шиллингов (2013 год, серебро)[75][76].<br />\r\nТанзания: 1500 шиллингов (2013, золото)[77].<br />\r\nТого: 1000 франков КФА (2011, серебро)[78].<br />\r\nТувалу: 50 центов (в 2014 году Австралийский монетный двор г. Перт по заказу Правительства Тувалу изготовил серебряную монету серии «Материнская любовь»)[79]<br />\r\nЮАР: 20 центов (2002, серебро)[80], 20 центов (2011, серебро)[81].<br />\r\nВ скульптуре<br />\r\nПамятник розовому слонёнку (Переславль-Залесский).<br />\r\nПамятник розовому слону (Ростов-на-Дону)[82].<br />\r\nСкульптура «От улыбки» (Кемерово)[83].<br />\r\nБарельеф «Слон и Моська» (Москва)[84]<br />\r\nПамятник слону (Самара)[85].<br />\r\nПамятник слонику (Вена)[86].<br />\r\nСтатуя трёхголового слона (Бангкок)[87]. Самый крупный памятник слону в мире.<br />\r\nТри статуи трёхголовых слонов, охраняющих монаха (Храм Ват Хуай Монгкол)[88].<br />\r\nСкульптура слона (Пекин)[89].<br />\r\nПамятник слону и слепым мудрецам (Бонн)[90].<br />\r\nПамятник слону (Чикаго)[91].<br />\r\nСкульптура «Особенности гравитации для слона» (Париж)[92].<br />\r\nСкульптура «Слон в будке» (Ереван)[93].<br />\r\nПамятник слону (Найроби)[94]. Самый первый памятник слону в мире.<br />\r\nПамятник «Индийский мальчик со слоном» (Краснодар)[95].<br />\r\nПамятник слону (Рим)[96].<br />\r\nСтатуя слона (Сингапур).<br />\r\nПамятник слонам (Копенгаген).<br />\r\nПамятник слону (Лондон).<br />\r\nПамятник слону (Санкт-Петербург).<br />\r\nПамятник слону (Кремоне).<br />\r\nДом со слонами (Самара).<br />\r\nПамятники мамонту<br />\r\nОсновная статья: Памятники мамонту<br />\r\nВ литературе<br />\r\nСергей Баруздин «Рави и Шаши».<br />\r\nВладимир Чаплин «Шанго».<br />\r\nРедьярд Киплинг «Моти-Гадж, мятежник».<br />\r\nЛев Толстой «Шакалы и слон».<br />\r\nБернард Гржимек «Слоновья школа».<br />\r\nВиталий Бианки «Небесный слон».<br />\r\nВ кинематографе<br />\r\nБелый слон — премия Гильдии киноведов и кинокритиков России.<br />\r\nБелый слон[de]) — немецкая кинопремия за детские фильмы.<br />\r\nБелый слон<br />\r\nБелый охотник, чёрное сердце<br />\r\nБивни<br />\r\nБоба и слон<br />\r\nБольше чем жизнь<br />\r\nВоды слонам!<br />\r\nВолшебное приключение Эвы<br />\r\nВыживающие Берега скелетов<br />\r\nИ вот пришёл Бумбо…<br />\r\nОперация «Дамбо»<br />\r\nСлон и верёвочка<br />\r\nСолдат и слон<br />\r\nСоло для слона с оркестром<br />\r\nJerry and Jumbo<br />\r\nВ мультипликации<br />\r\nБабар<br />\r\nВеликая битва слона с китом<br />\r\nВойна слонов и носорогов<br />\r\nДамбо<br />\r\nОсвободите Джимми<br />\r\nСказка про доброго слона<br />\r\nСлонёнок (мультфильм)<br />\r\nСлонёнок Бабар<br />\r\nСлонёнок заболел<br />\r\nСлонёнок и письмо<br />\r\nСлонёнок-турист<br />\r\nФантик. Первобытная сказка<br />\r\nХортон<br />\r\nЧудо-замок<br />\r\nЯ вас слышу<br />\r\nЯ жду птенца<br />\r\nВ музыке<br />\r\nПесня про белого слона (Владимир Высоцкий, 1972).<br />\r\nСемь слонов (Владимир Болотин, 1978).<br />\r\nРозовый слон (Евгений Осин).<br />\r\nВ фалеристике<br />\r\nОрден Белого слона (тайск. เครื่องราชอิสริยาภรณ์ อันเป็นที่เชิดชูยิ่ง ช้างเผือก — Священнейший орден Белого слона) — государственная награда Королевства Таиланд, орден, присуждаемый за военные и гражданские заслуги[97].<br />\r\nОрден Слона (дат. Elefantordenen) — высшая национальная награда Дании.<br />\r\nЗнаменитые слоны<br />\r\nБатыр<br />\r\nГуруваюр Кешаван<br />\r\nДжамбо<br />\r\nКастор и Поллукс<br />\r\nКосик<br />\r\nЛинь Ван<br />\r\nМэри<br />\r\nТопси<br />\r\nХанако<br />\r\nХанно<br />\r\nХанскен', '2021-01-27 00:00:00', '2020-11-28 14:03:00', 1, 0, 1);

-- --------------------------------------------------------

--
-- Структура таблицы `posts_marks`
--

CREATE TABLE `posts_marks` (
  `id` int(11) NOT NULL,
  `post_id` int(11) NOT NULL,
  `user_id` int(11) NOT NULL,
  `mark_type` text COLLATE utf8mb4_unicode_ci DEFAULT 'undefined'
) ENGINE=InnoDB DEFAULT CHARSET=utf8mb4 COLLATE=utf8mb4_unicode_ci;

--
-- Дамп данных таблицы `posts_marks`
--

INSERT INTO `posts_marks` (`id`, `post_id`, `user_id`, `mark_type`) VALUES
(42, 162, 59, 'like'),
(179, 193, 59, 'like'),
(182, 186, 60, 'like'),
(185, 184, 60, 'dislike'),
(186, 196, 59, 'like'),
(188, 183, 60, 'dislike'),
(189, 196, 60, 'like'),
(190, 162, 60, 'dislike'),
(191, 126, 60, 'like'),
(194, 126, 59, 'like');

-- --------------------------------------------------------

--
-- Структура таблицы `users`
--

CREATE TABLE `users` (
  `id` int(11) NOT NULL,
  `name` varchar(50) COLLATE utf8mb4_unicode_ci NOT NULL,
  `login` varchar(50) COLLATE utf8mb4_unicode_ci NOT NULL,
  `email` varchar(50) COLLATE utf8mb4_unicode_ci NOT NULL,
  `password` varchar(255) COLLATE utf8mb4_unicode_ci NOT NULL,
  `date_of_registration` datetime NOT NULL,
  `token` varchar(255) COLLATE utf8mb4_unicode_ci NOT NULL,
  `status` int(11) NOT NULL
) ENGINE=InnoDB DEFAULT CHARSET=utf8mb4 COLLATE=utf8mb4_unicode_ci;

--
-- Дамп данных таблицы `users`
--

INSERT INTO `users` (`id`, `name`, `login`, `email`, `password`, `date_of_registration`, `token`, `status`) VALUES
(59, 'jojo', 'jojo', 'jojo', '$2y$10$q6Q4Y4V3jt6a00xlvIHr6eokxKNQlCuvFUa.tI.Kkg3EqvAx3tQm.', '2020-12-07 00:00:00', '', 1),
(60, 'Egor', 'gantar', 'pavlovskiy.egor@inbox.ru', '$2y$10$yUnWyJdtyU4LvrwlPhaN2OsvpRqndhZVEVZ3xr2ngZWME2VQH28K2', '2020-12-11 00:00:00', '', 1),
(61, 'Gnida', 'Gnida', 'vihar16@mail.ru', '$2y$10$4TAeWSKponj.jUWWzYiRN.VwOuVfhAtoG0Oq5ReD00RfPY0iay3HW', '2021-01-05 00:00:00', '', 0),
(66, 'Lolk', 'gag', 'vihar16@mail.rs', '$2y$10$G20qmQEzG60aSI0/jTYR1.pEwBoT5Z6uRXwI6EOD0EFGxvNU8lcG6', '2021-01-07 00:00:00', '', 1),
(67, 'grigori', 'grigori', 'gaga@mail.ru', '$2y$10$Qbqi69jWqSwzT.2NdSejT.ouONtioDWtfN9QuCKEz/N1JCxQRjrYa', '2021-01-09 00:00:00', '', 1),
(68, 'Павловский Егор Николаевич', 'pank', 'pavlovskiy.egor@inbox.rus', '$2y$10$hxDsnaPLwxRXYlqmsokf6OrW7WBzBazBGc2Wzwg/ppckyZVo.Tq8S', '2021-01-28 00:00:00', 'oeas1tutdtmaok891iq12mbtpwq6as', 0);

--
-- Индексы сохранённых таблиц
--

--
-- Индексы таблицы `comments`
--
ALTER TABLE `comments`
  ADD PRIMARY KEY (`id`);

--
-- Индексы таблицы `comments_marks`
--
ALTER TABLE `comments_marks`
  ADD PRIMARY KEY (`id`);

--
-- Индексы таблицы `posts`
--
ALTER TABLE `posts`
  ADD PRIMARY KEY (`id`);

--
-- Индексы таблицы `posts_marks`
--
ALTER TABLE `posts_marks`
  ADD PRIMARY KEY (`id`);

--
-- Индексы таблицы `users`
--
ALTER TABLE `users`
  ADD PRIMARY KEY (`id`);

--
-- AUTO_INCREMENT для сохранённых таблиц
--

--
-- AUTO_INCREMENT для таблицы `comments`
--
ALTER TABLE `comments`
  MODIFY `id` int(11) NOT NULL AUTO_INCREMENT, AUTO_INCREMENT=1436;

--
-- AUTO_INCREMENT для таблицы `comments_marks`
--
ALTER TABLE `comments_marks`
  MODIFY `id` int(11) NOT NULL AUTO_INCREMENT, AUTO_INCREMENT=233;

--
-- AUTO_INCREMENT для таблицы `posts`
--
ALTER TABLE `posts`
  MODIFY `id` int(11) NOT NULL AUTO_INCREMENT, AUTO_INCREMENT=203;

--
-- AUTO_INCREMENT для таблицы `posts_marks`
--
ALTER TABLE `posts_marks`
  MODIFY `id` int(11) NOT NULL AUTO_INCREMENT, AUTO_INCREMENT=195;

--
-- AUTO_INCREMENT для таблицы `users`
--
ALTER TABLE `users`
  MODIFY `id` int(11) NOT NULL AUTO_INCREMENT, AUTO_INCREMENT=69;
COMMIT;

/*!40101 SET CHARACTER_SET_CLIENT=@OLD_CHARACTER_SET_CLIENT */;
/*!40101 SET CHARACTER_SET_RESULTS=@OLD_CHARACTER_SET_RESULTS */;
/*!40101 SET COLLATION_CONNECTION=@OLD_COLLATION_CONNECTION */;
