-- phpMyAdmin SQL Dump
-- version 5.0.2
-- https://www.phpmyadmin.net/
--
-- Хост: 127.0.0.1:3306
-- Время создания: Мар 18 2021 г., 02:10
-- Версия сервера: 10.3.22-MariaDB
-- Версия PHP: 7.4.5

SET SQL_MODE = "NO_AUTO_VALUE_ON_ZERO";
START TRANSACTION;
SET time_zone = "+00:00";


/*!40101 SET @OLD_CHARACTER_SET_CLIENT=@@CHARACTER_SET_CLIENT */;
/*!40101 SET @OLD_CHARACTER_SET_RESULTS=@@CHARACTER_SET_RESULTS */;
/*!40101 SET @OLD_COLLATION_CONNECTION=@@COLLATION_CONNECTION */;
/*!40101 SET NAMES utf8mb4 */;

--
-- База данных: `mvc_db`
--

-- --------------------------------------------------------

--
-- Структура таблицы `categories`
--

CREATE TABLE `categories` (
  `id` int(11) NOT NULL,
  `name` text COLLATE utf8mb4_unicode_ci NOT NULL,
  `description` text COLLATE utf8mb4_unicode_ci NOT NULL
) ENGINE=InnoDB DEFAULT CHARSET=utf8mb4 COLLATE=utf8mb4_unicode_ci;

--
-- Дамп данных таблицы `categories`
--

INSERT INTO `categories` (`id`, `name`, `description`) VALUES
(18, 'Спорт и спорт игры', 'ОФырвлрфыовфы дв о щфы овзщфы зщвофыз вщздфыо влфыхдлвжфыд лждвыоадл ыовжджла дылво а лоыв дл оадыв дла'),
(19, 'Супер марио', 'ро сывлсрлывоср ыв с щшлыв сл дыв ос дшлыв ос ылво сдллыв омоывдшлм оыв одлмодл ыво мдлыов  мдлоывд лмод ыо мшлдсы модл длгоыв длм ооыв м одывомдлс омдл оывдлмо длыв м'),
(20, 'рог', 'ыдлвслывдс одлвыос длыв одлс ывомоывдшлм оыв одлмодл ыво мдлыов мдлоывд лмод ыо мшлдсы модл длгоыв длм ооыв м одывомдлс омдл оывдлмо длыв м'),
(21, 'Судьбас', 'омоывдшлм оыв одлмодл ыво мдлыов мдлоывд лмод ыо мшлдсы модл длгоыв длм ооыв м одывомдлс омдл оывдлмо длыв момоывдшлм '),
(22, 'Шрек 2', 'омоывдшлм оыв одлмодл ыво мдлыов мдлоывд лмод ыо мшлдсы модл длгоыв длм ооыв м одывомдлс омдл оывдлмо длыв момоывдшлм оыв одлмодл ыво мдлыов мдлоывд лмод ыо мшлдсы модл длгоыв длм ооыв м одывомдлс омдл оывдлмо длыв момоывдшлм оыв одлмодл ыво мд'),
(23, 'Балдеж', 'кайфовый балдеж и релакс чилл полный балдею прост. Тут ежие пьет пиво да это пиво не похоже конешн но так и есть реально там просто других екружек не было'),
(24, 'Охи ши тео', 'омае мо у мо шиндейру нанииииии аниме'),
(26, 'boba', 'фывлфылов  фыловдфыов длфыовдл офы вофыдлводлфыовдфыовдлофыд вдфлыовдолфыводофыыдв'),
(27, 'kiska', 'asdkjjas dhkasjh dkash kjdh akjs dkjskjdjhakjdjk shjkash kjd hask jhdkjashkj hskjh khsdhg iouap77ty987yew87fgdjcat89 sdf9qu[90gerya7y br9- 8uryg 9pdyfgo df8u g07er 09per ghi'),
(28, 'пывгао', 'ывдладлывоадлоывдллоадлыва'),
(34, 'краши', 'иывадлыовсаылвадлоывдло'),
(36, 'обэмэ ебнфый', 'sdlkfjsdlkjsdlkfjlksjdlfkjsdlk');

-- --------------------------------------------------------

--
-- Структура таблицы `comments`
--

CREATE TABLE `comments` (
  `id` int(11) NOT NULL,
  `author_id` int(11) NOT NULL,
  `post_id` int(11) NOT NULL,
  `comment` text NOT NULL,
  `date_of_post` datetime NOT NULL,
  `likes` int(11) NOT NULL DEFAULT 0,
  `dislikes` int(11) NOT NULL DEFAULT 0,
  `parent_comment_id` int(11) DEFAULT NULL,
  `record_type` varchar(255) NOT NULL,
  `upper_comment_id` int(11) NOT NULL
) ENGINE=InnoDB DEFAULT CHARSET=utf8mb4;

--
-- Дамп данных таблицы `comments`
--

INSERT INTO `comments` (`id`, `author_id`, `post_id`, `comment`, `date_of_post`, `likes`, `dislikes`, `parent_comment_id`, `record_type`, `upper_comment_id`) VALUES
(1480, 60, 162, '107,97,115,109,100,108,107,97,115,100,60,98,114,47,62,60,98,114,47,62,240,159,145,166,240,159,145,169,226,128,141,240,159,166,176,240,159,145,168,226,128,141,240,159,166,177,60,98,114,47,62,60,98,114,47,62,60,98,114,47,62,224,185,143,205,161,204,175,224,185,143,32,230,150,175,229,157,166,229,176,188,230,150,175,228,188,154,230,150,135,32,231,164,190,32,226,149,144,226,149,172,32,226,149,172,226,149,144,32,219,169,219,158,219,169,32,226,152,133,226,152,133,226,152,133,32,226,150,128,226,150,132,32,226,150,128,226,150,132,32,226,150,128,226,150,132,32,226,150,128,226,150,132,32,219,158,32,219,158,32,219,158,32,224,174,135,224,174,135,224,174,135,32,194,174,194,174,194,174,32,226,136,154,226,136,154,226,136,154,32,224,185,145,219,169,219,169,224,185,145,32,194,164,194,164,194,164,32,226,153,130,226,153,130,226,153,130,32,226,128,162,226,128,162,226,128,162,32,227,131,132,227,131,132,227,131,132,32,226,151,143,226,128,162,226,151,143,226,128,162,32,226,153,161,226,153,161,226,153,161,32,226,153,165,226,153,165,226,153,165,32,225,131,166,225,131,166,225,131,166,32,226,153,128,226,153,128,226,153,128,32,226,153,171,226,153,171,226,153,171,32,226,130,170,226,130,170,226,130,170,32,195,184,195,184,195,184,32,226,153,170,226,153,170,226,153,170,32,224,174,144,224,174,144,224,174,144,32,226,134,149,226,134,149,226,134,149,32,203,156,226,128,157,42,194,176,226,128,162,46,46,226,128,162,194,176,42,226,128,157,203,156,32,215,169,215,169,215,169,215,169,215,169,32,226,152,187,226,152,187,226,152,187,32,216,170,32,216,170,32,216,170,32,203,153,203,153,206,135,32,46,32,224,171,144,32,226,149,172,226,149,172,226,149,172,32,217,173,217,173,217,173,32,226,151,152,226,151,152,226,151,152,32,226,157,150,226,157,150,226,157,150,32,226,153,163,32,226,153,163,32,226,153,163,32,207,141,207,141,207,141,32,226,128,160,226,128,160,226,128,160,32,226,152,134,226,152,134,226,152,134,32,206,169,206,169,206,169,32,84,77,32,49,49,49,32,226,153,160,226,153,160,226,153,160,32,226,150,136,32,226,150,140,32,226,151,139,226,151,139,226,151,139,32,226,152,186,226,152,186,226,152,186,32,217,188,32,217,188,32,239,187,169,239,187,169,239,187,169,42,239,187,169,42,239,187,169,42,239,187,169,42,239,187,169,42,239,187,169,239,187,169,239,187,169,32,226,152,188,226,152,188,32,216,185,216,170,216,168,216,177,32,216,177,217,129,217,138,217,130,216,169,44,32,216,163,217,134,216,167,32,216,163,217,134,216,170,32,217,138,216,170,217,132,217,130,217,145,217,137,32,216,170,216,168,216,173,216,171,32,217,132,44,32,217,136,217,138,216,173,216,167,217,129,216,184,32,216,163,217,134,216,170,32,217,138,216,179,217,131,216,170,32,226,150,188,226,150,188,32,226,151,132,226,151,132,32,226,150,186,226,150,186,32,226,150,160,32,194,171,32,194,187,32,194,169,194,169,194,169,32,226,150,145,226,150,145,226,150,145,226,150,145,226,150,145,32,60,60,32,62,62,32,37,32,36,36,36,32,35,35,35,32,226,132,150,32,64,64,64,32,34,34,34,32,33,32,126,32,96,96,96,96,32,94,94,32,38,38,32,63,63,63,32,42,42,42,32,40,40,40,41,41,41,32,95,95,45,45,45,32,43,43,32,61,61,61,32,47,47,47,124,124,124,124,32,226,150,145,226,150,146,226,150,147,226,150,136,32,226,150,136,226,150,146,226,150,147,226,150,145', '2021-02-10 19:05:47', 1, 0, 1480, 'comment', 0),
(1482, 60, 184, '97,115,110,106,100,106,108,107,97,115,106,100,240,159,145,177,226,128,141,226,153,130,239,184,143,240,159,149,186', '2021-02-10 19:20:15', 0, 0, 1482, 'comment', 0),
(1492, 60, 126, '217,136,217,138,216,173,216,167,217,129,216,184,32,217,136,217,138,216,173,216,167,217,129,216,184,32', '2021-02-10 22:52:48', 1, 1, 1492, 'comment', 0),
(1503, 60, 126, 'sadsad97,115,100,106,97,60,98,114,47,62,60,98,114,47,62,38,108,116,59,97,32,104,114,101,1s02d,32,61,32,34,1s00,115,102,34,38,103,116,59,115,100,102,100,115,102,10x0,115,102,38,108,116,59,47,97,x38,103,116,59,60,98,114,47,62,s60,98,114,47,6ss2,x60,98,d114,47,6x2,240,159,155,1s8,240,15s9,154,178,240,159,155,180,240,159,155,181,60,98,114,47,62,60,98,114,47,62,38,108,116,59,104,49,38,103,116,59,97,115,100,107,112,97,1xc15,1sd11,sdf107adfsd,100,1фы12,38,10d8,116,59,47,104,49,38,103,116,59ssdasdsadxds', '2021-02-10 23:49:51', 1, 0, 1503, 'comment', 0),
(1505, 60, 126, '97,115,100,97,115,100,97,115', '2021-02-11 00:57:18', 0, 0, 1503, 'answer', 0),
(1506, 60, 126, '115,100,102,115,100,103,100,115,98,32,32,13,60,98,114,47,62,102,100,103,13,60,98,114,47,62,100,102,103,13,60,98,114,47,62,102,100,115,100,108,106,102,105,115,108,100,106,102,111,106,115,100,102', '2021-02-11 00:57:25', 0, 0, 1503, 'answer', 0),
(1507, 60, 126, '97,115,100,97,115,100,97,115,110,100,102,98,97,115,107,100,104,32,106,32,32,115,13,60,98,114,47,62,97,32,13,60,98,114,47,62,100,97,115,32,13,60,98,114,47,62,100,97,32,107,115,106,108,100,32,107,97,111,115,106,32,100,107,106,97,115x', '2021-02-11 00:57:32', 0, 0, 1503, 'answer', 0),
(1508, 60, 126, '115,109,44,97,109,109,111,100,106,111,105,97,115,106,100,106,97,115,107,100,106,108,107sad,97,115,106,100,97,115,100d', '2021-02-11 00:57:42', 0, 0, 1503, 'answer', 0),
(1509, 60, 126, ',129,208,176,208,188,32,209,130,208,176,208,186,208,190,208,185,32,208,177,208,187,208,184,208,189,240,159,152,156<br/>                                            ', '2021-02-11 00:59:00', 0, 0, 1503, 'answer', 1506),
(1511, 59, 162, '110,111,114,109,240,159,153,130', '2021-02-11 01:05:12', 0, 0, 1480, 'answer', 0),
(1512, 59, 162, '209,129,209,139,208,179,208,187,209,139', '2021-02-11 01:05:24', 0, 0, 1480, 'answer', 1511),
(1513, 59, 126, '209,143,32,209,142,208,187,208,184,208,189,32,208,189,208,181,209,129,208,190,208,179,208,187,208,176,209,129,208,181,208,189,32,208,186,208,176,208,186,32,209,130,208,176,208,186,240,159,152,128,240,159,152,129,240,159,152,130,240,159,152,182', '2021-02-13 03:06:28', 0, 0, 1503, 'answer', 1505),
(1514, 59, 183, '97,115,109,100,108,107,97,115,108,107,109,100,240,159,152,133,240,159,152,134', '2021-02-13 03:11:06', 0, 0, 1514, 'comment', 0),
(1515, 59, 183, '119,59,108,107,102,59,107,115,100,107,102,100,115,13,60,98,114,47,62,115,100,102,108,115,59,100,107,102,59,108,107,32,59,108,115,107,100,13,60,98,114,47,62,115', '2021-02-13 03:11:18', 0, 0, 1515, 'comment', 0),
(1516, 59, 183, '115,100,102,115,100,102,115,100,102', '2021-02-13 03:11:25', 1, 0, 1516, 'comment', 0),
(1517, 59, 183, '115,100,102,100,115,102', '2021-02-13 03:11:28', 0, 0, 1517, 'comment', 0),
(1518, 60, 183, '97,115,100,107,97,107,115,107,106,100', '2021-02-13 22:48:46', 0, 0, 1516, 'answer', 0),
(1519, 60, 183, '115,97,100', '2021-02-13 22:48:50', 0, 0, 1516, 'answer', 0),
(1520, 60, 183, '97,115,100', '2021-02-13 22:48:53', 0, 0, 1515, 'answer', 0),
(1521, 60, 183, '97,115,100', '2021-02-13 22:48:55', 0, 0, 1516, 'answer', 1519),
(1522, 60, 183, '97,115,100', '2021-02-13 22:48:59', 0, 0, 1514, 'answer', 0),
(1523, 60, 183, '97,115', '2021-02-13 22:49:04', 0, 0, 1514, 'answer', 1522),
(1524, 60, 183, '97,115,44,100,106,107,108,97,115,106,100,108,107,13,60,98,114,47,62', '2021-02-14 01:19:34', 0, 0, 1524, 'comment', 0),
(1525, 60, 183, '97,115,100,115,97', '2021-02-14 01:19:38', 0, 0, 1525, 'comment', 0),
(1526, 60, 183, '115,100,102,115,100,102,115,100', '2021-02-14 01:19:40', 0, 0, 1526, 'comment', 0),
(1528, 60, 183, '115,100,102,115,100,102', '2021-02-14 01:19:43', 0, 0, 1528, 'comment', 0),
(1529, 60, 183, '115,100,102', '2021-02-14 01:19:44', 0, 0, 1529, 'comment', 0),
(1530, 60, 183, '97,115,100', '2021-02-14 01:19:54', 0, 1, 1530, 'comment', 0),
(1531, 60, 183, '97,115,100,97,115,100', '2021-02-14 01:20:12', 0, 0, 1531, 'comment', 0),
(1532, 60, 183, '122,120,99,120,122,99', '2021-02-14 01:20:23', 0, 0, 1532, 'comment', 0),
(1533, 60, 183, '97,115,100,97,115,100', '2021-02-14 01:20:27', 0, 0, 1533, 'comment', 0),
(1534, 60, 183, '97,115,100,97,115', '2021-02-14 01:20:28', 0, 0, 1534, 'comment', 0),
(1535, 60, 183, '97,115,100', '2021-02-14 01:20:29', 0, 0, 1535, 'comment', 0),
(1536, 60, 183, '97,115,100', '2021-02-14 01:20:31', 0, 1, 1536, 'comment', 0),
(1539, 60, 183, '97,115,100', '2021-02-14 01:20:35', 0, 0, 1539, 'comment', 0),
(1540, 60, 183, '97,115,100', '2021-02-14 01:20:36', 0, 0, 1540, 'comment', 0),
(1541, 60, 183, '97,115,100', '2021-02-14 01:20:37', 0, 0, 1541, 'comment', 0),
(1542, 60, 183, '97,115,100', '2021-02-14 01:20:39', 1, 0, 1542, 'comment', 0),
(1543, 60, 183, '209,132,209,139,208,178', '2021-02-14 01:36:22', 0, 0, 1516, 'answer', 1518),
(1544, 60, 183, '209,132,209,139,208,178,209,132,209,139,208,176,209,139', '2021-02-14 01:36:24', 0, 0, 1516, 'answer', 1518),
(1545, 60, 183, '209,139,208,178,208,176,209,139,208,178,208,176', '2021-02-14 01:36:26', 0, 0, 1516, 'answer', 1518),
(1546, 60, 183, '209,139,208,178,208,176,209,139,208,178,208,176', '2021-02-14 01:36:29', 0, 0, 1516, 'answer', 1519),
(1547, 60, 183, '209,139,208,178,208,176,209,139,208,178,208,176', '2021-02-14 01:36:32', 0, 0, 1516, 'answer', 1544),
(1548, 60, 183, '209,139,208,178,208,176,209,139,208,178,208,176,208,178,209,139,208,176', '2021-02-14 01:36:34', 0, 0, 1516, 'answer', 1545),
(1549, 60, 183, '209,139,208,178,208,176,209,139,208,178,208,178,208,178,208,178,208,178', '2021-02-14 01:36:37', 0, 0, 1516, 'answer', 1547),
(1550, 60, 183, '209,139,208,178,208,178,208,178,208,178,208,178,208,178,208,178,208,178,208,178,208,178,208,178,208,178,208,178,208,178,208,178,208,178', '2021-02-14 01:36:40', 0, 0, 1516, 'answer', 1547),
(1551, 60, 183, '209,139,208,178,208,176,208,178,209,139,208,176,209,139,208,178,208,176', '2021-02-14 01:36:43', 0, 0, 1516, 'answer', 1548),
(1552, 60, 183, '209,139,208,178', '2021-02-14 01:36:46', 0, 0, 1516, 'answer', 1548),
(1553, 60, 183, '209,139,208,178,208,176,209,139,208,178,209,139,208,176', '2021-02-14 01:36:50', 0, 0, 1516, 'answer', 1519),
(1554, 60, 183, '209,139,208,178,208,176,209,139,208,178,208,176', '2021-02-14 01:36:53', 0, 0, 1516, 'answer', 1519),
(1555, 60, 183, '209,138,208,176,208,185', '2021-02-14 01:39:16', 0, 0, 1555, 'comment', 0),
(1556, 60, 183, '208,176,208,187,208,190,209,133,208,176', '2021-02-14 01:40:37', 0, 0, 1556, 'comment', 0),
(1557, 60, 126, '12<br/>                                        ', '2021-02-14 10:44:49', 0, 0, 1557, 'comment', 0),
(1558, 60, 126, '97,115,100,115', '2021-02-14 10:44:54', 0, 0, 1558, 'comment', 0),
(1559, 60, 126, 'a97,115,100', '2021-02-14 10:45:05', 0, 0, 1557, 'answer', 0),
(1560, 60, 126, '97s<br/>                                        ', '2021-02-14 10:47:20', 0, 0, 1560, 'comment', 0),
(1561, 60, 126, '101,114,119,101,114', '2021-02-14 10:47:36', 0, 0, 1561, 'comment', 0),
(1562, 60, 126, '113,119,101,100', '2021-02-14 14:36:09', 0, 0, 1562, 'comment', 0),
(1563, 60, 183, '209,141,209,130,208,190,32,208,180,208,176,240,159,152,163', '2021-02-14 15:04:48', 0, 0, 1541, 'answer', 0),
(1564, 59, 183, '208,167,208,181,32,209,131,32,208,178,208,176,209,129,32,209,130,209,131,209,130,63', '2021-02-14 15:06:59', 0, 0, 1564, 'comment', 0),
(1565, 59, 183, '208,176,32,208,189,209,131,32,208,177,208,187,208,184,208,189,32,208,180,208,190,208,180,208,181,208,187,209,139,208,178,208,176,208,185,32,209,129,208,186,208,190,209,128,208,181,208,181,32,209,131,208,182,208,181,32,208,186,208,190,208,188,208,188,208,181,208,189,209,130,209,139,32,208,184,32,208,183,32,208,176,208,176,208,180,208,188,208,184,208,189,208,186,209,131,240,159,152,172,240,159,152,164', '2021-02-14 15:07:46', 0, 0, 1565, 'comment', 0),
(1566, 60, 183, '226,150,145,226,150,145,226,150,145,226,150,145,226,150,145,226,150,145,226,150,132,226,150,136,226,150,145,226,150,145,226,150,145,226,150,145,226,150,145,226,150,145,226,150,145,226,150,145,226,150,145,226,150,145,226,150,145,226,150,145,226,150,145,226,150,145,226,150,145,226,150,145,226,150,145,226,150,145,226,150,145,226,150,145,226,150,145,226,150,145,226,150,145,226,150,145,226,150,136,226,150,132,226,150,145,226,150,145,226,150,145,226,150,145,226,150,145,226,150,145,60,98,114,47,62,226,150,145,226,150,145,226,150,145,226,150,145,226,150,145,226,150,132,226,150,136,226,150,145,226,150,145,226,150,145,226,150,145,226,150,145,226,150,145,226,150,145,226,150,145,226,150,145,226,150,145,226,150,145,226,150,145,226,150,145,226,150,145,226,150,145,226,150,145,226,150,145,226,150,145,226,150,145,226,150,145,226,150,145,226,150,145,226,150,145,226,150,145,226,150,145,226,150,145,226,150,136,226,150,132,226,150,145,226,150,145,226,150,145,226,150,145,226,150,145,60,98,114,47,62,226,150,145,226,150,145,226,150,145,226,150,145,226,150,136,226,150,136,226,150,145,226,150,145,226,150,145,226,150,145,226,150,145,226,150,145,226,150,145,226,150,145,226,150,145,226,150,145,226,150,145,226,150,145,226,150,145,226,150,145,226,150,145,226,150,145,226,150,145,226,150,145,226,150,145,226,150,145,226,150,145,226,150,145,226,150,145,226,150,145,226,150,145,226,150,145,226,150,145,226,150,145,226,150,136,226,150,136,226,150,145,226,150,145,226,150,145,226,150,145,60,98,114,47,62,226,150,145,226,150,145,226,150,145,226,150,136,226,150,136,226,150,145,226,150,145,226,150,145,226,150,145,226,150,145,226,150,145,226,150,145,226,150,145,226,150,145,226,150,145,226,150,145,226,150,145,226,150,145,226,150,145,226,150,145,226,150,145,226,150,145,226,150,145,226,150,145,226,150,145,226,150,145,226,150,145,226,150,145,226,150,145,226,150,145,226,150,145,226,150,145,226,150,145,226,150,145,226,150,145,226,150,136,226,150,136,226,150,145,226,150,145,115,60,98,114,47,62,226,150,145,226,150,145,226,150,136,226,150,136,226,150,145,226,150,145,226,150,145,226,150,145,226,150,145,226,150,145,226,150,145,226,150,145,226,150,145,226,150,145,226,150,145,226,150,145,226,150,145,226,150,145,226,150,145,226,150,145,226,150,145,226,150,145,226,150,145,226,150,145,226,150,145,226,150,145,226,150,145,226,150,145,226,150,145,226,150,145,226,150,145,226,150,145,226,150,145,226,150,145,226,150,145,226,150,145,226,150,136,226,150,136,226,150,145,226,150,145,60,98,114,47,62,226,150,145,226,150,132,226,150,136,226,150,145,226,150,145,226,150,145,226,150,145,226,150,145,226,150,145,226,150,145,226,150,145,226,150,145,226,150,145,226,150,145,226,150,145,226,150,145,226,150,145,226,150,145,226,150,145,226,150,145,226,150,145,226,150,145,226,150,145,226,150,145,226,150,145,226,150,145,226,150,145,226,150,145,226,150,145,226,150,145,226,150,145,226,150,145,226,150,145,226,150,145,226,150,145,226,150,145,226,150,145,226,150,136,226,150,132,226,150,145,60,98,114,47,62,226,150,145,226,150,136,226,150,136,226,150,145,226,150,145,226,150,145,226,150,145,226,150,145,226,150,145,226,150,145,226,150,145,226,150,145,226,150,145,226,150,145,226,150,145,226,150,145,226,150,145,226,150,145,226,150,145,226,150,132,226,150,145,226,150,145,226,150,145,226,150,145,226,150,145,226,150,145,226,150,145,226,150,145,226,150,145,226,150,145,226,150,145,226,150,145,226,150,145,226,150,145,226,150,145,226,150,145,226,150,145,226,150,136,226,150,136,226,150,145,60,98,114,47,62,226,150,136,226,150,136,226,150,145,226,150,145,226,150,145,226,150,145,226,150,145,226,150,145,226,150,145,226,150,145,226,150,145,226,150,145,226,150,145,226,150,145,226,150,145,226,150,145,226,150,145,226,150,145,226,150,145,226,150,136,226,150,136,226,150,145,226,150,145,226,150,145,226,150,145,226,150,145,226,150,145,226,150,145,226,150,145,226,150,145,226,150,145,226,150,145,226,150,145,226,150,145,226,150,145,226,150,145,226,150,145,226,150,145,226,150,136,226,150,136,60,98,114,47,62,226,150,136,226,150,136,226,150,145,226,150,145,226,150,145,226,150,145,226,150,145,226,150,145,226,150,145,226,150,145,226,150,145,226,150,145,226,150,145,226,150,145,226,150,145,226,150,145,226,150,145,226,150,145,226,150,145,226,150,136,226,150,136,226,150,145,226,150,145,226,150,145,226,150,145,226,150,145,226,150,145,226,150,145,226,150,145,226,150,145,226,150,145,226,150,145,226,150,145,226,150,145,226,150,145,226,150,145,226,150,145,226,150,145,226,150,136,226,150,136,60,98,114,47,62,226,150,136,226,150,136,226,150,145,226,150,145,226,150,145,226,150,145,226,150,145,226,150,145,226,150,145,226,150,145,226,150,145,226,150,145,226,150,145,226,150,145,226,150,145,226,150,145,226,150,145,226,150,145,226,150,132,226,150,136,226,150,136,226,150,132,226,150,145,226,150,145,226,150,145,226,150,145,226,150,145,226,150,145,226,150,145,226,150,145,226,150,145,226,150,145,226,150,145,226,150,145,226,150,145,226,150,145,226,150,145,226,150,145,226,150,136,226,150,136,60,98,114,47,62,226,150,136,226,150,136,226,150,145,226,150,145,226,150,145,226,150,145,226,150,145,226,150,145,226,150,145,226,150,145,226,150,145,226,150,145,226,150,145,226,150,145,226,150,145,226,150,145,226,150,145,226,150,132,226,150,136,226,150,136,226,150,136,226,150,136,226,150,132,226,150,145,226,150,145,226,150,145,226,150,145,226,150,145,226,150,145,226,150,145,226,150,145,226,150,145,226,150,145,226,150,145,226,150,145,226,150,145,226,150,145,226,150,145,226,150,136,226,150,136,60,98,114,47,62,226,150,128,226,150,136,226,150,145,226,150,145,226,150,145,226,150,132,226,150,132,226,150,132,226,150,145,226,150,145,226,150,145,226,150,145,226,150,145,226,150,132,226,150,132,226,150,132,226,150,136,226,150,136,226,150,136,226,150,145,226,150,145,226,150,136,226,150,136,226,150,136,226,150,132,226,150,132,226,150,132,226,150,145,226,150,145,226,150,145,226,150,145,226,150,145,226,150,132,226,150,132,226,150,132,226,150,145,226,150,145,226,150,145,226,150,136,226,150,145,60,98,114,47,62,226,150,145,226,150,136,226,150,136,226,150,145,226,150,145,226,150,145,226,150,128,226,150,128,226,150,128,226,150,128,226,150,128,226,150,128,226,150,128,226,150,128,226,150,128,226,150,128,226,150,145,226,150,136,226,150,136,226,150,145,226,150,145,226,150,136,226,150,136,226,150,145,226,150,128,226,150,128,226,150,128,226,150,128,226,150,128,226,150,128,226,150,128,226,150,128,226,150,128,226,150,128,226,150,145,226,150,145,226,150,145,226,150,136,226,150,136,226,150,145,60,98,114,47,62,226,150,145,226,150,136,226,150,136,226,150,145,226,150,145,226,150,145,226,150,145,226,150,145,226,150,145,226,150,145,226,150,145,226,150,145,226,150,145,226,150,145,226,150,145,226,150,145,226,150,145,226,150,136,226,150,136,226,150,145,226,150,145,226,150,136,226,150,136,226,150,145,226,150,145,226,150,145,226,150,145,226,150,145,226,150,145,226,150,145,226,150,145,226,150,145,226,150,145,226,150,145,226,150,145,226,150,145,226,150,145,226,150,136,226,150,128,226,150,145,60,98,114,47,62,226,150,145,226,150,145,226,150,136,226,150,145,226,150,145,226,150,145,226,150,145,226,150,145,226,150,145,226,150,145,226,150,145,226,150,145,226,150,145,226,150,145,226,150,145,226,150,145,226,150,145,226,150,136,226,150,136,226,150,145,226,150,145,226,150,136,226,150,136,226,150,145,226,150,145,226,150,145,226,150,145,226,150,145,226,150,145,226,150,145,226,150,145,226,150,145,226,150,145,226,150,145,226,150,145,226,150,145,226,150,132,226,150,136,226,150,145,226,150,145,60,98,114,47,62,226,150,145,226,150,145,226,150,136,226,150,136,226,150,145,226,150,145,226,150,145,226,150,145,226,150,145,226,150,145,226,150,145,226,150,145,226,150,145,226,150,145,226,150,145,226,150,145,226,150,145,226,150,136,226,150,136,226,150,145,226,150,145,226,150,136,226,150,136,226,150,145,226,150,145,226,150,145,226,150,145,226,150,145,226,150,145,226,150,145,226,150,145,226,150,145,226,150,145,226,150,145,226,150,145,226,150,145,226,150,136,226,150,136,226,150,145,226,150,145,60,98,114,47,62,226,150,145,226,150,145,226,150,128,226,150,136,226,150,145,226,150,145,226,150,145,226,150,145,226,150,145,226,150,145,226,150,145,226,150,145,226,150,145,226,150,145,226,150,145,226,150,145,226,150,145,226,150,136,226,150,136,226,150,145,226,150,145,226,150,136,226,150,136,226,150,145,226,150,145,226,150,145,226,150,145,226,150,145,226,150,145,226,150,145,226,150,145,226,150,145,226,150,145,226,150,145,226,150,145,226,150,145,226,150,136,226,150,128,226,150,145,226,150,145,60,98,114,47,62,226,150,145,226,150,145,226,150,145,226,150,136,226,150,145,226,150,145,226,150,145,226,150,145,226,150,145,226,150,145,226,150,145,226,150,145,226,150,145,226,150,145,226,150,145,226,150,145,226,150,145,226,150,136,226,150,136,226,150,145,226,150,145,226,150,136,226,150,136,226,150,145,226,150,145,226,150,145,226,150,145,226,150,145,226,150,145,226,150,145,226,150,145,226,150,145,226,150,145,226,150,145,226,150,145,226,150,145,226,150,136,226,150,145,226,150,145,226,150,145,60,98,114,47,62,226,150,145,226,150,145,226,150,145,226,150,136,226,150,145,226,150,145,226,150,145,226,150,145,226,150,145,226,150,145,226,150,145,226,150,145,226,150,145,226,150,145,226,150,145,226,150,145,226,150,145,226,150,145,226,150,136,226,150,145,226,150,145,226,150,136,226,150,145,226,150,145,226,150,145,226,150,145,226,150,145,226,150,145,226,150,145,226,150,145,226,150,145,226,150,145,226,150,145,226,150,145,226,150,145,226,150,145,226,150,136,226,150,145,226,150,145,226,150,145', '2021-02-14 15:51:32', 0, 0, 1566, 'comment', 0),
(1567, 60, 185, '103,116,104,100,98,113,32,44,107,98,121', '2021-02-14 15:56:09', 0, 0, 1567, 'comment', 0),
(1568, 60, 162, '208,189,208,190,208,178,208,181,208,189,209,140,208,186,209,130,208,185', '2021-02-14 15:59:47', 0, 0, 1568, 'comment', 0),
(1569, 59, 162, '49', '2021-02-14 16:00:49', 0, 0, 1569, 'comment', 0),
(1570, 59, 162, '50', '2021-02-14 16:00:51', 0, 0, 1570, 'comment', 0),
(1571, 59, 162, '51', '2021-02-14 16:00:52', 0, 0, 1571, 'comment', 0),
(1572, 59, 162, '52', '2021-02-14 16:00:53', 0, 0, 1572, 'comment', 0),
(1573, 59, 162, '53', '2021-02-14 16:00:54', 0, 0, 1573, 'comment', 0),
(1574, 59, 162, '54', '2021-02-14 16:00:55', 0, 0, 1574, 'comment', 0),
(1575, 59, 162, '55', '2021-02-14 16:00:57', 0, 0, 1575, 'comment', 0),
(1576, 59, 162, '56', '2021-02-14 16:00:58', 0, 0, 1576, 'comment', 0),
(1577, 59, 162, '57', '2021-02-14 16:00:59', 0, 0, 1577, 'comment', 0),
(1578, 59, 162, '49,48', '2021-02-14 16:01:01', 0, 0, 1578, 'comment', 0),
(1579, 59, 162, '49,49', '2021-02-14 16:01:02', 0, 0, 1579, 'comment', 0),
(1580, 59, 162, '49,50', '2021-02-14 16:01:03', 0, 0, 1580, 'comment', 0),
(1581, 59, 162, '49,51', '2021-02-14 16:01:04', 0, 0, 1581, 'comment', 0),
(1582, 59, 162, '49,52', '2021-02-14 16:01:06', 0, 0, 1582, 'comment', 0),
(1583, 59, 162, '49,53', '2021-02-14 16:01:07', 0, 0, 1583, 'comment', 0),
(1584, 60, 126, '115', '2021-02-14 16:23:12', 0, 0, 1557, 'answer', 1559),
(1585, 60, 126, '209,130,209,131,209,130,32,208,189,208,181,209,130,32,209,129,209,129,209,139,208,187,208,186,208,184', '2021-02-14 16:30:19', 0, 0, 1503, 'answer', 0),
(1586, 60, 126, '208,186,32,208,181,208,179,208,190,209,128,209,131', '2021-02-14 16:41:03', 0, 0, 1503, 'answer', 0),
(1587, 60, 126, '208,181,208,179,208,190,209,128,32,208,177,208,187,208,184,208,189', '2021-02-14 16:42:11', 0, 0, 1503, 'answer', 0),
(1588, 60, 126, '208,190,208,191,209,143,209,130,209,140,32,208,186,32,208,181,208,179,208,190,209,128,209,131', '2021-02-14 16:44:27', 0, 0, 1503, 'answer', 0),
(1589, 60, 126, '209,130,209,131,209,130,209,130,208,176,209,134', '2021-02-14 16:44:49', 0, 0, 1557, 'answer', 0),
(1590, 60, 126, '208,180,208,176,209,128,208,190,208,178,208,176,32,106,111,106,111,106', '2021-02-14 16:45:07', 0, 0, 1503, 'answer', 1513),
(1591, 60, 126, '209,133,208,176,208,185', '2021-02-14 16:45:34', 0, 0, 1503, 'answer', 1513),
(1592, 60, 126, '208,186,208,186', '2021-02-14 16:47:35', 0, 0, 1503, 'answer', 0),
(1593, 60, 126, '208,178,208,176', '2021-02-14 16:47:50', 0, 0, 1503, 'answer', 1513),
(1594, 60, 126, '209,132,209,139,208,178', '2021-02-14 16:47:56', 0, 0, 1557, 'answer', 0),
(1595, 60, 126, '40,226,152,158,239,190,159,227,131,174,239,190,159,41,226,152,158', '2021-02-14 16:48:14', 0, 0, 1503, 'answer', 1513),
(1597, 59, 183, '240,159,164,151', '2021-02-16 02:06:46', 0, 0, 1516, 'answer', 0),
(1599, 60, 192, '209,139,209,132,208,178,209,132,209,139', '2021-03-05 00:40:13', 0, 0, 1599, 'comment', 0),
(1600, 60, 192, '208,187,209,139,209,139,208,178,13,60,98,114,47,62,209,139,240,159,152,163', '2021-03-05 00:40:31', 0, 1, 1600, 'comment', 0),
(1601, 60, 192, '209,139,209,132,208,180,208,187,208,178', '2021-03-05 00:40:40', 0, 0, 1601, 'comment', 0),
(1603, 60, 126, '208,180,208,176,209,128,208,190,208,178,208,176,13,60,98,114,47,62', '2021-03-07 19:23:45', 0, 0, 1603, 'comment', 0),
(1605, 60, 126, '115,100,44,109,102,110', '2021-03-07 19:27:41', 1, 0, 1558, 'answer', 0),
(1609, 60, 126, '🤩', '2021-03-08 22:26:59', 0, 0, 1609, 'comment', 0),
(1610, 60, 126, '😍', '2021-03-08 22:27:34', 0, 0, 1610, 'comment', 0),
(1611, 60, 126, 'вылаодылво', '2021-03-08 22:30:34', 0, 0, 1611, 'comment', 0),
(1612, 60, 126, 'привет блин 😘', '2021-03-08 22:30:55', 0, 0, 1612, 'comment', 0),
(1623, 60, 126, 'saf', '2021-03-12 22:28:58', 0, 0, 1503, 'answer', 1513),
(1628, 60, 126, 'хуху', '2021-03-14 12:40:28', 0, 0, 1558, 'answer', 0),
(1632, 60, 126, 'ssda', '2021-03-14 13:12:41', 0, 0, 1558, 'answer', 0);

-- --------------------------------------------------------

--
-- Структура таблицы `comments_marks`
--

CREATE TABLE `comments_marks` (
  `id` int(11) NOT NULL,
  `parent_comment_id` int(11) NOT NULL,
  `user_id` int(11) NOT NULL,
  `mark_type` text COLLATE utf8mb4_unicode_ci DEFAULT 'undefined',
  `post_id` int(11) NOT NULL
) ENGINE=InnoDB DEFAULT CHARSET=utf8mb4 COLLATE=utf8mb4_unicode_ci;

--
-- Дамп данных таблицы `comments_marks`
--

INSERT INTO `comments_marks` (`id`, `parent_comment_id`, `user_id`, `mark_type`, `post_id`) VALUES
(37, 511, 59, 'like', 183),
(38, 514, 59, 'like', 183),
(40, 535, 59, 'like', 183),
(41, 540, 59, 'dislike', 183),
(42, 544, 59, 'like', 183),
(43, 543, 59, 'like', 183),
(44, 546, 59, 'like', 183),
(47, 561, 59, 'like', 183),
(50, 517, 59, 'like', 183),
(51, 547, 59, 'like', 183),
(52, 563, 59, 'dislike', 183),
(53, 566, 59, 'like', 183),
(57, 561, 60, 'like', 183),
(58, 562, 60, 'like', 183),
(59, 580, 59, 'like', 162),
(60, 582, 59, 'dislike', 183),
(62, 589, 59, 'like', 183),
(63, 657, 59, 'like', 183),
(64, 620, 59, 'like', 183),
(65, 648, 59, 'dislike', 183),
(67, 556, 60, 'dislike', 183),
(68, 634, 60, 'like', 183),
(70, 843, 60, 'dislike', 126),
(72, 861, 60, 'like', 126),
(73, 863, 60, 'dislike', 126),
(74, 866, 60, 'like', 126),
(75, 867, 60, 'dislike', 126),
(76, 868, 60, 'like', 126),
(77, 883, 60, 'like', 183),
(78, 884, 60, 'dislike', 183),
(79, 882, 60, 'dislike', 183),
(80, 881, 60, 'like', 183),
(81, 880, 60, 'dislike', 183),
(82, 665, 60, 'like', 183),
(83, 913, 60, 'like', 183),
(84, 1001, 60, 'like', 183),
(85, 1016, 59, 'like', 183),
(86, 1018, 59, 'dislike', 126),
(87, 891, 59, 'like', 162),
(88, 1019, 59, 'dislike', 183),
(89, 976, 60, 'like', 183),
(90, 964, 60, 'like', 183),
(91, 1021, 59, 'like', 183),
(92, 1024, 60, 'like', 183),
(94, 1025, 60, 'like', 183),
(97, 1027, 60, 'like', 183),
(103, 1029, 60, 'like', 183),
(105, 1031, 60, 'like', 183),
(108, 1032, 60, 'like', 183),
(112, 1033, 60, 'dislike', 183),
(116, 1035, 60, 'like', 183),
(120, 1038, 60, 'dislike', 183),
(121, 889, 60, 'like', 162),
(122, 891, 60, 'like', 162),
(123, 1047, 60, 'like', 126),
(125, 1061, 61, 'like', 126),
(126, 1044, 61, 'like', 126),
(127, 1043, 61, 'dislike', 126),
(128, 1039, 59, 'like', 162),
(129, 886, 59, 'like', 162),
(130, 1040, 59, 'like', 162),
(133, 537, 59, 'like', 126),
(163, 1097, 59, 'dislike', 183),
(164, 1096, 59, 'like', 183),
(168, 1058, 59, 'dislike', 183),
(169, 1051, 59, 'dislike', 183),
(179, 1368, 59, 'dislike', 183),
(182, 1056, 59, 'like', 183),
(184, 1060, 59, 'like', 183),
(212, 510, 59, 'like', 183),
(213, 1064, 60, 'like', 126),
(214, 1395, 60, 'like', 184),
(215, 1059, 60, 'like', 183),
(216, 1398, 60, 'like', 196),
(218, 1396, 59, 'like', 184),
(221, 1405, 59, 'like', 184),
(222, 1064, 59, 'like', 126),
(232, 1401, 59, 'dislike', 126),
(234, 1454, 60, 'like', 126),
(247, 1480, 60, 'like', 162),
(258, 1542, 59, 'like', 183),
(259, 1536, 59, 'dislike', 183),
(260, 1503, 60, 'like', 126),
(264, 1530, 60, 'dislike', 183),
(265, 1600, 60, 'dislike', 192),
(267, 1492, 60, 'like', 126),
(268, 1492, 59, 'dislike', 126),
(269, 1605, 60, 'like', 126),
(270, 1516, 59, 'like', 183);

-- --------------------------------------------------------

--
-- Структура таблицы `posts`
--

CREATE TABLE `posts` (
  `id` int(11) NOT NULL,
  `name` text COLLATE utf8mb4_unicode_ci DEFAULT NULL,
  `description` text COLLATE utf8mb4_unicode_ci DEFAULT NULL,
  `date_of_create` datetime DEFAULT NULL,
  `date_of_last_edit` datetime DEFAULT NULL,
  `likes` int(11) NOT NULL DEFAULT 0,
  `dislikes` int(11) NOT NULL DEFAULT 0,
  `views` int(11) NOT NULL DEFAULT 0,
  `category` text COLLATE utf8mb4_unicode_ci DEFAULT NULL,
  `tags` text COLLATE utf8mb4_unicode_ci DEFAULT NULL,
  `author_id` int(11) NOT NULL
) ENGINE=InnoDB DEFAULT CHARSET=utf8mb4 COLLATE=utf8mb4_unicode_ci;

--
-- Дамп данных таблицы `posts`
--

INSERT INTO `posts` (`id`, `name`, `description`, `date_of_create`, `date_of_last_edit`, `likes`, `dislikes`, `views`, `category`, `tags`, `author_id`) VALUES
(126, 'Влияние Дарвина на теорию эволюцииф', 'Дарвини́зм — по имени английского натуралиста Чарльза Дарвина — в узком смысле — направление эволюционной мысли, приверженцы которого согласны с основными идеями Дарвина.', '2021-02-27 00:00:00', '2021-03-08 00:00:00', 3, 0, 246, '', '54,51', 0),
(162, 'Чёрный цвет', 'Чёрный — тон, отсутствие светового потока от объекта. В системе RGB обозначается как #000000. Оттенки чёрного цвета именуются серым цветом. Чёрный цвет является ахроматическим цветом, то есть цветом без оттенка', '2021-02-27 00:00:00', '2021-01-27 00:00:00', 2, 0, 34, '', '51', 0),
(183, 'Майнкоавт', 'Согласно палеонтологическим сведениям, род медведей появился 5—6 ми', '2021-02-27 00:00:00', '2021-01-27 00:00:00', 1, 0, 130, '', '', 0),
(186, 'Томаты', 'Тома́т или помидóр (лат. Solánum lycopérsicum) — однолетнее или многолетнее травянистое растение, вид рода Паслён (Solanum)[2] семейства Паслёновые (Solanaceae). Возделывается как овощная культура; выращивается ради съедобных плодов — сочных многогнёздных ягод различной формы и окраски, также называемых томатами или помидорами.', '2021-02-27 00:00:00', NULL, 1, 0, 2, '', '57', 0),
(192, 'Лев', 'Лев[1] (лат. Panthera leo) — вид хищных млекопитающих, один из пяти представителей рода пантер (Panthera), относящегося к подсемейству больших кошек (Pantherinae) в составе семейства кошачьих (Felidae). Наряду с тигром ', '2021-02-27 00:00:00', '2021-02-17 00:00:00', 0, 0, 0, '', '57', 0),
(193, 'Слоновые', 'Слоно́вые[1][2][3][4], или слоны́[1] (лат. Elephantidae), — семейство класса млекопитающих из отряда хоботных. В настоящее время к этому семейству относятся 3 ныне живущих вида. Африканские саванные слоны — наиболее крупные наземные млекопитающие.', '2021-02-27 00:00:00', '2020-11-28 14:03:00', 1, 0, 1, '', '57', 0),
(230, 'Новый шрек когда выйдет скоро уже блин', 'длфыоов фыдлв длфы овдл фы в дофыдшволфыовощфы твдфы оащшщдфы вщашоывщшоащшывоашщыво ащшышвоащш ывщш аоыщвшоащыш воащшыов щоао ывоа щш рывоша ргщыв гша р рагшывргшаргшывщ оагш рывгш раывнгр аршгывпр гнапыв', '2021-03-18 00:00:00', NULL, 0, 0, 0, '22', '1 95 97 99 ', 0),
(231, 'aslkdjasokjdlasiod', 'aslkdjasokjdlasiodaslkdjasokjdlasiodaslkdjasokjdlasiodaslkdjasokjdlasiodaslkdjasokjdlasiodaslkdjasokjdlasiodaslkdjasokjdlasiodaslkdjasokjdlasiodaslkdjasokjdlasiodaslkdjasokjdlasiodaslkdjasokjdlasiodaslkdjasokjdlasiodaslkdjasokjdlasiodaslkdjasokjdlasiodaslkdjasokjdlasiodaslkdjasokjdlasiodaslkdjasokjdlasiodaslkdjasokjdlasiodaslkdjasokjdlasiod', '2021-03-18 00:00:00', NULL, 0, 0, 0, '36', '99 100 101 ', 0);

-- --------------------------------------------------------

--
-- Структура таблицы `posts_marks`
--

CREATE TABLE `posts_marks` (
  `id` int(11) NOT NULL,
  `post_id` int(11) NOT NULL,
  `user_id` int(11) NOT NULL,
  `mark_type` text COLLATE utf8mb4_unicode_ci DEFAULT 'undefined'
) ENGINE=InnoDB DEFAULT CHARSET=utf8mb4 COLLATE=utf8mb4_unicode_ci;

--
-- Дамп данных таблицы `posts_marks`
--

INSERT INTO `posts_marks` (`id`, `post_id`, `user_id`, `mark_type`) VALUES
(42, 162, 59, 'like'),
(179, 193, 59, 'like'),
(182, 186, 60, 'like'),
(186, 196, 59, 'like'),
(188, 183, 60, 'like'),
(189, 196, 60, 'like'),
(194, 126, 59, 'like'),
(196, 184, 60, 'dislike'),
(198, 162, 60, 'like'),
(204, 126, 60, 'like');

-- --------------------------------------------------------

--
-- Структура таблицы `tags`
--

CREATE TABLE `tags` (
  `id` int(11) NOT NULL,
  `name` text COLLATE utf8mb4_unicode_ci NOT NULL
) ENGINE=InnoDB DEFAULT CHARSET=utf8mb4 COLLATE=utf8mb4_unicode_ci;

--
-- Дамп данных таблицы `tags`
--

INSERT INTO `tags` (`id`, `name`) VALUES
(1, 'fucking_slaaaaave'),
(16, 'Egor'),
(17, 'privet_kak_ti'),
(19, 'assssssssss'),
(26, 'sdasd'),
(27, 'asf'),
(28, 'df;lgk;fd'),
(29, 'dkskvl'),
(30, 'skdv;kksd;v'),
(31, 'sk;;;;;;;;;;;;;;;;;;'),
(32, 'dslvkpiuiv77777777'),
(33, 'p\'o[ocik9'),
(34, 'sdpvk[dslkv'),
(35, 'as'),
(36, 'asd'),
(37, 'asdw'),
(38, 'sda'),
(39, 'sad'),
(40, 'asdf'),
(41, 'acvsdvs'),
(42, 'acs'),
(43, 'a;f'),
(44, 'apkuf'),
(45, 'aoijiojv'),
(48, 'aopipo'),
(49, 'akv'),
(50, 'al;k'),
(51, 'apo8'),
(52, 'al;k;jk;lk'),
(54, 'a\''),
(57, 'akjm'),
(70, 'бббы'),
(72, 'масос'),
(88, 'фф'),
(94, 'пос_оси'),
(95, 'ыв'),
(97, 'ывп'),
(98, 'новый_тег_для_теста'),
(99, 'new_tag'),
(100, 'chernogorie2020'),
(101, 'superdick_my_30');

-- --------------------------------------------------------

--
-- Структура таблицы `users`
--

CREATE TABLE `users` (
  `id` int(11) NOT NULL,
  `name` varchar(50) COLLATE utf8mb4_unicode_ci NOT NULL,
  `login` varchar(50) COLLATE utf8mb4_unicode_ci NOT NULL,
  `email` varchar(50) COLLATE utf8mb4_unicode_ci NOT NULL,
  `password` varchar(255) COLLATE utf8mb4_unicode_ci NOT NULL,
  `date_of_registration` datetime NOT NULL,
  `token` varchar(255) COLLATE utf8mb4_unicode_ci NOT NULL,
  `status` int(11) NOT NULL
) ENGINE=InnoDB DEFAULT CHARSET=utf8mb4 COLLATE=utf8mb4_unicode_ci;

--
-- Дамп данных таблицы `users`
--

INSERT INTO `users` (`id`, `name`, `login`, `email`, `password`, `date_of_registration`, `token`, `status`) VALUES
(59, 'jojo', 'jojo', 'jojo', '$2y$10$q6Q4Y4V3jt6a00xlvIHr6eokxKNQlCuvFUa.tI.Kkg3EqvAx3tQm.', '2020-12-07 00:00:00', '', 1),
(60, 'Egor', 'gantar', 'pavlovskiy.egor@inbox.ru', '$2y$10$yUnWyJdtyU4LvrwlPhaN2OsvpRqndhZVEVZ3xr2ngZWME2VQH28K2', '2020-12-11 00:00:00', '', 1),
(61, 'Gnida', 'Gnida', 'vihar16@mail.ru', '$2y$10$4TAeWSKponj.jUWWzYiRN.VwOuVfhAtoG0Oq5ReD00RfPY0iay3HW', '2021-01-05 00:00:00', '', 0),
(66, 'Lolk', 'gag', 'vihar16@mail.rs', '$2y$10$G20qmQEzG60aSI0/jTYR1.pEwBoT5Z6uRXwI6EOD0EFGxvNU8lcG6', '2021-01-07 00:00:00', '', 1),
(67, 'grigori', 'grigori', 'gaga@mail.ru', '$2y$10$Qbqi69jWqSwzT.2NdSejT.ouONtioDWtfN9QuCKEz/N1JCxQRjrYa', '2021-01-09 00:00:00', '', 1),
(68, 'Павловский Егор Николаевич', 'pank', 'pavlovskiy.egor@inbox.rus', '$2y$10$hxDsnaPLwxRXYlqmsokf6OrW7WBzBazBGc2Wzwg/ppckyZVo.Tq8S', '2021-01-28 00:00:00', 'oeas1tutdtmaok891iq12mbtpwq6as', 0),
(69, 'joster', 'joster', 'pavlovskiy.egor@inbox.r', '$2y$10$uczS7976cPMgmGGcQIc0i..j2ybKnN2v.Frzx4DTsLWxPaBX45Eji', '2021-03-09 00:00:00', '3cqd8h1hj2mbinfiuzh4vubqy9zjw2', 1);

--
-- Индексы сохранённых таблиц
--

--
-- Индексы таблицы `categories`
--
ALTER TABLE `categories`
  ADD PRIMARY KEY (`id`);

--
-- Индексы таблицы `comments`
--
ALTER TABLE `comments`
  ADD PRIMARY KEY (`id`);

--
-- Индексы таблицы `comments_marks`
--
ALTER TABLE `comments_marks`
  ADD PRIMARY KEY (`id`);

--
-- Индексы таблицы `posts`
--
ALTER TABLE `posts`
  ADD PRIMARY KEY (`id`);

--
-- Индексы таблицы `posts_marks`
--
ALTER TABLE `posts_marks`
  ADD PRIMARY KEY (`id`);

--
-- Индексы таблицы `tags`
--
ALTER TABLE `tags`
  ADD PRIMARY KEY (`id`);

--
-- Индексы таблицы `users`
--
ALTER TABLE `users`
  ADD PRIMARY KEY (`id`);

--
-- AUTO_INCREMENT для сохранённых таблиц
--

--
-- AUTO_INCREMENT для таблицы `categories`
--
ALTER TABLE `categories`
  MODIFY `id` int(11) NOT NULL AUTO_INCREMENT, AUTO_INCREMENT=38;

--
-- AUTO_INCREMENT для таблицы `comments`
--
ALTER TABLE `comments`
  MODIFY `id` int(11) NOT NULL AUTO_INCREMENT, AUTO_INCREMENT=1638;

--
-- AUTO_INCREMENT для таблицы `comments_marks`
--
ALTER TABLE `comments_marks`
  MODIFY `id` int(11) NOT NULL AUTO_INCREMENT, AUTO_INCREMENT=272;

--
-- AUTO_INCREMENT для таблицы `posts`
--
ALTER TABLE `posts`
  MODIFY `id` int(11) NOT NULL AUTO_INCREMENT, AUTO_INCREMENT=232;

--
-- AUTO_INCREMENT для таблицы `posts_marks`
--
ALTER TABLE `posts_marks`
  MODIFY `id` int(11) NOT NULL AUTO_INCREMENT, AUTO_INCREMENT=205;

--
-- AUTO_INCREMENT для таблицы `tags`
--
ALTER TABLE `tags`
  MODIFY `id` int(11) NOT NULL AUTO_INCREMENT, AUTO_INCREMENT=102;

--
-- AUTO_INCREMENT для таблицы `users`
--
ALTER TABLE `users`
  MODIFY `id` int(11) NOT NULL AUTO_INCREMENT, AUTO_INCREMENT=71;
COMMIT;

/*!40101 SET CHARACTER_SET_CLIENT=@OLD_CHARACTER_SET_CLIENT */;
/*!40101 SET CHARACTER_SET_RESULTS=@OLD_CHARACTER_SET_RESULTS */;
/*!40101 SET COLLATION_CONNECTION=@OLD_COLLATION_CONNECTION */;
